name,sex
გიორგი,M
ნინო,F
მარიამ,F
ანა,F
სალომე,F
მარიამი,F
თამარ,F
ნათია,F
თამარი,F
ანი,F
დავით,M
გვანცა,F
თეონა,F
ნიკა,M
ირაკლი,M
ქეთევან,F
თორნიკე,M
ბექა,M
სოფიკო,F
ხატია,F
ელენე,F
ლაშა,M
ნანა,F
ლიკა,F
მარი,F
ლევან,M
თამთა,F
თათია,F
სოფიო,F
საბა,M
დავითი,M
ლუკა,M
ალექსანდრე,M
თინათინ,F
თამუნა,F
ლანა,F
ნატო,F
ნიკოლოზ,M
ქეთევანი,F
ლია,F
მაკა,F
მეგი,F
ეკატერინე,F
ლევანი,M
მაია,F
ქრისტინე,F
ანნა,F
თინათინი,F
ეკა,F
გიგა,M
მიხეილ,M
ზურაბ,M
მარიკა,F
ქეთი,F
რუსუდან,F
შოთა,M
ეთერი,F
ზურაბი,M
თეა,F
ანანო,F
მაგდა,F
ლალი,F
ვახტანგ,M
შალვა,M
აკაკი,M
ია,F
ილია,M
ლელა,F
გოგა,M
დიანა,F
სანდრო,M
მერი,F
მიხეილი,M
მანანა,F
ცოტნე,M
ნათელა,F
ირინა,F
ნოდარ,M
გურამ,M
რატი,M
დიმიტრი,M
ავთანდილ,M
მედეა,F
ოთარი,M
კონსტანტინე,M
რევაზ,M
არჩილ,M
მამუკა,M
რუსუდანი,F
გივი,M
ვალერი,M
მზია,F
მარინა,F
ცირა,F
ნოდარი,M
ერეკლე,M
მირანდა,F
თემური,M
ნია,F
თემურ,M
ნუცა,F
ვაჟა,M
ლადო,M
ვანო,M
სოსო,M
ფიქრია,F
ზაზა,M
ნონა,F
ვლადიმერ,M
ნიკოლოზი,M
ნანი,F
მარიტა,F
გურამი,M
ხათუნა,F
შორენა,F
მონიკა,F
ეთერ,F
ავთანდილი,M
იოსებ,M
იზა,F
ვახტანგი,M
ქრისტინა,F
ივანე,M
ნაზი,F
თეკლე,F
კესო,F
ვერიკო,F
ჯაბა,M
ოთარ,M
გია,M
ლილი,F
ბაჩანა,M
თეიმურაზ,M
კახა,M
თენგიზ,M
თამაზ,M
ირმა,F
ბელა,F
თეკლა,F
ლეილა,F
ლიანა,F
ინგა,F
პაატა,M
ნატა,F
გოგიტა,M
ანუკი,F
მერაბ,M
უჩა,M
სოფო,F
გოჩა,M
ნუგზარ,M
ინა,F
ნატალია,F
ელენა,F
ქეთინო,F
გაგა,M
ნელი,F
ელისო,F
ნიკო,M
ტარიელ,M
ციცინო,F
ამირან,M
ირინე,F
თამრიკო,F
ბიძინა,M
სერგო,M
თამაზი,M
პაპუნა,M
მერაბი,M
ალეკო,M
ნუნუ,F
ვასილი,M
ბადრი,M
ბარბარე,F
დალი,F
ჟანა,F
ნინი,F
ელგუჯა,M
რევაზი,M
ჯემალ,M
დათო,M
სოფია,F
მადონა,F
მართა,F
ლილე,F
დემეტრე,M
დაჩი,M
ბაია,F
ზაური,M
ნესტანი,F
ლამარა,F
ანასტასია,F
მირიანი,M
გელა,M
მარია,F
დათა,M
მილენა,F
ნინიკო,F
რეზო,M
ლონდა,F
დარეჯან,F
ჯემალი,M
რობერტი,M
მირიან,M
ნუკრი,M
ხვიჩა,M
ზვიად,M
ომარი,M
მარიანა,F
ვიკა,F
ლინდა,F
ბაჩუკი,M
ზურა,M
გიგი,M
ციალა,F
ბესიკ,M
ლიზა,F
თედო,M
თეიმურაზი,M
ელზა,F
არჩილი,M
რომან,M
შმაგი,M
იზაბელა,F
ამირანი,M
ნუგზარი,M
კობა,M
უშანგი,M
თინა,F
ილონა,F
კარლო,M
თინიკო,F
თამილა,F
ზვიადი,M
მათე,M
აზა,F
რომანი,M
ალექსი,M
ვალიკო,M
ვენერა,F
იური,M
თენგიზი,M
ვასილ,M
მირზა,M
ჯუმბერ,M
ვლადიმერი,M
ბესიკი,M
კახაბერ,M
იამზე,F
თიკო,F
ანჟელიკა,F
ციური,F
ალიკა,M
ოლიკო,F
მელანო,F
ელშან,M
ალი,M
ვიქტორია,F
ევა,F
გულნარა,F
ნატალი,F
ანდრო,M
ნანული,F
მიშიკო,M
გოდერძი,M
დეა,F
ელისაბედ,F
ხვთისო,M
კახაბერი,M
დარინა,F
ცისანა,F
ბერდია,M
მარინე,F
სერგი,M
ბესარიონ,M
რამაზი,M
ანზორ,M
გუგა,M
მალხაზ,M
ლექსო,M
გოგი,M
საბინა,F
ასმათი,F
ინესა,F
ზეზვა,M
ფატიმა,F
თეო,F
ორხან,M
ნურანა,F
ჯუნა,F
ნანო,F
ლინა,F
რომეო,M
მამია,M
გურანდა,F
სიმონ,M
პეტრე,M
სტეფანე,M
ტატო,M
გულიკო,F
ჯანო,M
ონისე,M
ბონდო,M
მალხაზი,M
იანა,F
ელა,F
კახი,M
ლერი,M
ბექარ,M
ედუარდ,M
იოსები,M
ანრი,M
გეგა,M
ჯონი,M
გრიგოლი,M
ომარ,M
ლაზარე,M
ელიკო,F
ნაზიბროლა,F
რამაზ,M
იაგო,M
ვერა,F
გაბრიელ,M
ასმათ,F
ჟუჟუნა,F
დოდო,F
ბაქარი,M
იზოლდა,F
ალისა,F
ბარბარა,F
ლენა,F
იასონი,M
ალექსანდრა,F
ფიდან,F
სესილი,F
ლედი,F
მანონი,F
აითაჯ,F
ნანუკა,F
ადა,F
ვალერიან,M
ჯულიეტა,F
მაიკო,F
გიზო,M
ცისია,F
ელდარი,M
ანარ,M
მურადი,M
მანუჩარ,M
შოთიკო,M
თევდორე,M
მუხრან,M
ვალერიანი,M
დემური,M
სევინჯ,F
ემზარი,M
თაია,F
ვუსალ,M
შაკო,M
ზაურ,M
დიმა,M
არსენა,M
მინდია,M
ჯიმი,M
როლანდი,M
ბორისი,M
მარგარიტა,F
ზაალი,M
გიუნელ,F
ტარიელი,M
ივერი,M
მალვინა,F
ლიზი,F
ემილი,M
როსტომ,M
ანზორი,M
ნინა,F
ტატიანა,F
ანდრია,M
რიტა,F
ლოლიტა,F
მურთაზი,M
ციცია,F
ენდი,F
ბაბულია,F
ნაია,F
ანჟელა,F
ლუიზა,F
თურანა,F
ტარანა,F
შავლეგი,M
ეველინა,F
ვერონიკა,F
მაგდალინა,F
იკა,M
ლალა,F
აიგიუნ,F
ალინა,F
ზაალ,M
როზა,F
თიკა,F
ვასიკო,M
ემა,F
გაიანე,F
ინდირა,F
კლარა,F
ელეონორა,F
მიმოზა,F
შალალა,F
აიტაჩ,F
მარიეტა,F
ვასო,M
მურთაზ,M
აიტაჯ,F
ზოია,F
სახავატ,M
ანა-მარია,F
ჯენი,F
ლაურა,F
სულიკო,M
ზაირა,F
სამირა,F
სოლომონ,M
გიგლა,M
გიულნარ,F
უტა,M
მევლუდ,M
ფატმან,F
ვიოლეტა,F
ალბერტი,M
ელვინ,M
თებრონე,F
როინ,M
გიუნაი,F
მზისა,F
ლილიანა,F
ანუკა,F
ბეჟანი,M
ფატმა,F
ჯინა,F
მორისი,M
ანგელინა,F
კარინე,F
დარეჯანი,F
ჯუმბერი,M
ჯონდო,M
ტატა,F
ნორიკ,M
აჩიკო,M
მარგალიტა,F
თომა,M
რობერტ,M
რამინ,M
რუბენი,M
ეკატერინა,F
ივიკო,M
ალუდა,M
ეთო,F
სულეიმან,M
ნაირა,F
გუნელ,F
გაბრიელი,M
ნადეჟდა,F
ტრისტანი,M
ვიტალი,M
ნურლან,M
ტურკან,F
ცინარი,F
სამირ,M
მზევინარი,F
ნარმინა,F
ვუგარ,M
გრიგოლ,M
იოანე,M
გაიოზ,M
რახმან,M
რაუფ,M
ფრიდონ,M
ფილიპე,M
სიმონი,M
ბეთქილი,M
პავლე,M
მაგული,F
ემზარ,M
შახინ,M
არმენ,M
ვეფხვია,M
გრიგორი,M
ბეთქილ,M
აგილ,M
გენადი,M
იაკობ,M
შაქრო,M
მავრა,F
მუხრანი,M
ვანიკო,M
იურა,M
კოკი,M
რაფაელა,F
უვეის,M
გიულჯახან,F
სულხან,M
ზაჰრა,F
თანათო,F
ვიკტორია,F
ანიკო,F
ფერიკო,F
ასლანი,M
ბახარ,F
ნასყიდა,M
ციკო,F
დესპინე,F
ფაინა,F
ნაჯიბა,F
ნაზიკო,F
ანდრეი,M
ანნი,F
გვიდონი,M
ინოლა,F
სურაია,F
ლატავრა,F
ლიზიკო,F
ემილია,F
რამიზ,M
სინახანუმ,F
ადელ,F
რაბია,F
აისუნ,F
ლეისან,F
მუხტარ,M
ფირანი,M
ხაიატ,F
აიშა,F
ზილფი,F
ნურჯახან,F
ელინა,F
ხატინ,F
გიული,F
მალუ,F
ჯამბულ,M
შაბნამ,F
მუსეიფ,M
სალმინაზ,F
გუმანი,M
მიგა,M
კესარია,F
ეკატერინი,F
აიგუნ,F
გულიანახ,F
გიულმინა,F
ალა,F
ათინა,F
ნურა,F
გიუნარ,F
მზევინარ,F
დალინა,F
ანამარია,F
ინარა,F
ზარიემ,F
არკადი,M
კამილა,F
ელიზა,F
თარაშ,M
შუშანიკი,F
ზაქარია,M
კლავდია,F
დოდუშკი,F
აიდან,F
რაფაელი,M
ნინელი,F
ლიანნა,F
ილარიონ,M
არზუ,F
რიმა,F
მადინა,F
ეთუნა,F
სიმუზარ,F
ჯაბრაილ,M
როვშან,M
ბენედიქტ,M
ლილით,F
მურმან,M
ზამირა,F
ლარისა,F
ხანიფა,F
სესილია,F
ფამილ,M
დემი,F
ფაილა,F
ანო,F
მარიანნა,F
პეპო,M
ნარე,F
ნანიკო,F
აისელ,F
ფაის,M
ელენ,F
მედიკო,F
იოვანე,M
ჰამია,F
ემი,F
გულნაზ,F
მთვარისა,F
ოლია,F
თია,F
ელისაბედი,F
სილვია,F
ირადა,F
შიო,M
დებორა,F
ფატი,F
თაკო,F
სარა,F
აინურა,F
ბახტიარ,M
სვეტა,F
ტასო,F
არევიკ,F
ბუბა,M
ვისი,F
ალდონა,F
პარი,F
ნიგიარ,F
დაკო,F
მევლუდი,M
ოლეგი,M
ნოვრუზ,M
მზეონა,F
ილხამა,F
მიხა,M
არმაზ,M
მილინე,F
ვარდიკო,F
ანდრიანა,F
სოფი,F
ბახვა,M
ფარდი,M
ანაიდა,F
ჯესიკა,F
ქარამ,M
არაზ,M
ისა,M
ალახვერდი,M
როზიტა,F
როენა,F
ეროსი,M
ქალდა,F
დაიანა,F
მზიური,F
გეორგი,M
ჩეტინ,M
აიტან,F
გამზა,M
თუთანა,F
ჯარჯი,M
თორელი,M
ანერი,F
ემმა,F
ელვირა,F
ზოხრა,F
ლამიია,F
ხალილ,F
ტაპდიგ,M
ზარუინ,M
მალეიკა,F
ოფელია,F
ნაილი,F
ევგენია,F
ზარინა,F
შუქია,F
ვართან,M
ასიმ,M
ციაკო,F
აკიფა,F
გუგულა,M
ელმინ,M
ჩიჩაკ,F
ანდრანიკი,M
რუფინა,F
ელფინა,F
სონა,F
ზურიკო,M
აზად,M
ზუკა,M
ელენი,F
ვენგო,M
გულნაზი,F
სავლე,M
მინურა,F
ალიდა,F
ელტუნ,M
ტიგრან,M
მანანო,F
ესთერ,F
ხალისა,F
თელიმ,F
ნიკი,F
იიმან,F
ვაკო,M
გუჯა,M
ქამილ,M
შერონი,F
ტურაჯ,F
ეტიმად,M
გენრი,M
ბაირამ,M
გიულტაკინ,F
აქსანა,F
ამირიდონი,M
ნადია,F
ისრაფილ,M
იზაბელ,F
შაფა,F
ფარვანა,F
ტიტე,M
ნუცკა,F
შენგელი,M
შაფაგ,F
ნურადდინ,M
ნასიბ,M
ვინარი,F
ანაიტ,F
ვარდო,F
შახნაზ,F
თარლან,F
სუსან,F
ნაზლი,F
მარიამული,F
ადუმა,M
ფარნაოზ,M
ლაპეკი,M
რეზი,M
მახირ,M
ბიჭიკო,M
მაიტავან,F
აფტაბ,F
ციცი,F
კრისტინე,F
ვანდა,F
ირა,F
სარხან,M
იუზა,M
ელგა,F
ჟანეტა,F
შახანა,F
ჰასან,M
ელნურ,M
ბაჰრუზ,M
ტურგანე,F
მაიზერ,M
გლახო,M
იმედა,M
ერიკა,F
გაჯისმაილ,M
ილკინ,M
ანატოლი,M
კავკაზ,M
გასან,M
იასინ,M
ბუხულა,M
ფახრიია,F
სალატინ,F
მაყვალა,F
მანსური,M
ოლღა,F
ივდითი,F
მაგამედ,M
მერიკო,F
მარიამო,F
რუფალა,F
თენგო,M
თურკან,F
ტიგრანი,M
დარიკო,F
ხანიმ,F
თემო,M
ალიონა,F
ჯავიდ,M
რადა,F
აშახანუმ,F
ნეკა,F
ელნურა,F
ბახრუზ,M
თათული,F
არუთიუნ,M
ნენე,F
მარლენ,M
ანდრეა,F
დუდანა,F
მარგო,F
რუბენ,M
ვიქტორ,M
ოლგა,F
კასანდრა,F
მილდა,F
მუსა,M
როინი,M
არიანა,F
ტაბრიზ,M
ნატაშა,F
ტუღუში,M
ვალერიანე,M
ბესარიონი,M
ნესტორ,M
ქამრან,M
ერასტხ,F
კურბანალი,M
ავერი,M
ჯიბია,M
სტელა,F
ხუდავერდი,M
ანდრი,M
ალბინა,F
აინურ,F
გეიჩეკ,F
დონარა,F
რამზან,M
მადლენი,F
ნელლი,F
ვილგელმი,M
ლორინა,F
აზიზბეკ,M
ჟულიეტა,F
დინა,F
ულვია,F
გედევანი,M
ელჩინ,M
როდამი,M
კარაპეტ,M
როლანდ,M
ვალენტინა,F
ტელმან,M
თამარა,F
იუსიფ,M
მაგამედალი,M
ლალიტა,F
ნაილე,F
გრიშა,M
ნარმინ,F
აიხან,M
გამიდ,M
მკრტიჩ,M
მაკან,M
ფარიდ,M
მემედ,M
სამედ,M
ლამია,F
არიადნა,F
ბაგრატ,M
აპოლონი,M
ლილია,F
არმან,M
ლეგა,M
ადამურ,M
ბუხუტი,M
ჯუანშერ,M
ნურიკ,F
პალიკო,M
დავიდ,M
კანან,M
ელმადდინ,M
შამილი,M
თამაშა,F
მახმუდ,M
ელთუნ,M
მაცაცო,F
რადმილა,F
აფინა,F
ავაგი,M
ელიზბარი,M
ელიზბარ,M
აიტაჟ,F
კარგო,M
ვუსალა,F
მეხმან,M
ნახიდა,F
სეიმურ,M
ხუმარ,F
იზო,M
იაკობი,M
აზილ,M
მექი,M
ედუარდი,M
დარო,F
დუგლასი,M
კოკა,M
ილაჰა,F
თურქან,F
ისაკი,M
გაგი,M
ტურაც,M
ელიტა,F
ვართანი,M
სალეხ,M
ედი,M
რეზიკო,M
ევგენი,M
აფგან,M
ბაჯუ,M
ჟონარი,M
ჯეიხუნ,M
სონია,F
რაიფ,M
პლატონ,M
სვეტლანა,F
ფერიდე,F
ტურანა,F
ხარება,M
ალბერტ,M
თარხან,M
რაჟდენი,M
დემურ,M
რუსლან,M
სედა,F
რაჯი,M
რიზვან,M
ბახრამ,M
ფირუზი,M
აზერ,M
მიტუშა,M
არტემი,M
კარენ,M
გეორგიოს,M
რობიკო,M
ასლან,M
ედიშერ,M
ასაფ,M
გაჯი,M
იაკინთე,M
ელიზავეტა,F
ელვარდი,M
იგორი,M
მიქაელი,M
ისლამ,M
გორდა,M
ლუბა,F
ჯანი,M
ემილ,M
ლალისა,F
ვატო,M
სპარტაკ,M
სირანუშ,F
ლადი,M
გივიკო,M
ლაკის,M
ნატალი-მარიამ,F
ლაკო,F
როსტომი,M
ფარახინ,M
რობა,M
ცისკარა,M
ჯიბილო,M
რობიზონ,M
იზოლინა,F
ღუღუნი,M
ქართლოს,M
სონიკო,F
დოკა,F
ბექარი,M
რემი,M
ბეჟან,M
ედიკა,M
ენრი,M
უთურგა,M
ბეგლარ,M
ფარნა,M
მურმანი,M
მარეტა,F
რაგიფ,M
იაშა,M
ვალო,M
დიტო,M
ერმინე,M
ვილგენი,F
არტურ,M
ალექსანდრე-გიორგი,M
ვარლამ,M
ნიტა,F
შოდი,M
როდერი,M
ბახმან,M
ლანდა,F
დემნა,M
ჯუბა,M
ნარი,F
მურად,M
თორღვა,M
გერისო,M
ტაისია,F
გუბაზ,M
ბააკა,M
ბართლომე,M
მუსლიმ,M
ჯიმშერ,M
ბაქარ,M
თემირა,F
ბიქტორ,M
ულრიხ,M
ჩაღი,M
ნადარ,M
ლაშა-გიორგი,M
არტიომ,M
აბბას,M
სანდრიკა,M
გელოდი,M
გეგი,M
მიოლი,F
სემი,M
ვახიდ,M
აიტენ,F
ელისაბეთი,M
მელანი,F
მაგდიელ,M
კარინა,F
რუიზანი,F
თამრი,F
ერჩანიკ,M
კარლოს,M
პერვიზ,M
სალტანატ,F
ბორის,M
შამისტან,M
ხაიამ,M
აქიფ,M
ბაბი,F
იესე,M
მარდონ,M
ფეიმან,M
იროდიონი,M
მანია,F
კუკური,M
ბაკურ,M
აფროდიტა,F
უშიშა,F
ნაომი,M
სპირიდონი,M
ისკო,M
სამველ,M
გუგული,F
ენძელა,F
სავალან,M
ენზელ,M
გედევან,M
ივლიანე,M
სოზარ,M
ბაჩო,M
ერმალო,M
იდა,F
ბაჩი,M
ანკა,F
თამო,F
ბიჭოლა,M
ქრისტი,F
ნარიმან,M
ჯანეტ,F
აკა,M
მანჩო,F
კოტე,M
ჩიორა,F
ნუკი,F
ოთო,M
ვახო,M
ელდარ,M
ჰერმან,M
მირდატ,M
ზალიკო,M
რაული,M
ლირა,F
არმენაკი,M
სევდია,F
მარკი,M
მიქაილ,M
ერემია,M
მოსე,M
მზექალა,F
ფრიდონი,M
დევი.M
ნემო,M
ლაერტი,M
ჯეირან,M
აკიფ,M
ჰამლეტ,M
გენრიხ,M
ტრისტან,M
კანდიტ,M
ქართლოსი,M
ანტონ,M
ნოე,M
ჯამლეთ,M
კორნელი,M
გურჯი,M
ტახირი,M
მირიანე,M
აბდულ,M
ბორია,M
ჯამბუ,M
ჰარუთიუნ,M
რამინა,F
გერმანე,M
ზორა,M
მამე,M
ლოვარდ,M
ადილ,M
ლეონიდე,M
ვიქტორი,M
გაიოზი,M
რესან,M
იდაიატ,M
დილარ,M
ბაკური,M
რობინზონი,M
ისვახან,M
მუგადას,M
იდაიათ,M
მამული,M
საველ,M
ლავრენტი,M
ფერდინანდი,M
ზუმრუდ,M
ლეო,M
შუქრი,M
ვან,M
ინგუშა,M
ფირუზ,M
მზეჭაბუკი,M
აიკ,M
გულია,F
როდენ,M
ვალტერ,M
აპოლონ,M
ხვედრი,M
ალბეგ,M
მაკარ,M
ცეზარი,M
რომანოზი,M
კამალ,M
ნიაზ,M
მარსელ,M
არნოლდი,M
მელიქ,M
სამსონ,M
იურიკ,M
მელსი,M
მამედ,M
პანტელეიმონი,M
ნაული.M
მამიკონ,M
ფოტი,M
