surname,
კაპანაძე
გელაშვილი
წიკლაური
მაისურაძე
ნოზაძე
ბერიძე
ლომიძე
მაჭარაშვილი
გიორგაძე
ხუციშვილი
მჭედლიშვილი
ტაბატაძე
შენგელია
ხაჩიძე
შუბითიძე
გოგოლაძე
მეტრეველი
ჯავახიშვილი
ნადირაძე
ჯაფარიძე
გრიგალაშვილი
ბარბაქაძე
ჭანტურია
კვარაცხელია
დანელია
ცერცვაძე
თოდუა
ბერუაშვილი
კობახიძე
აფციაური
მოდებაძე
აბულაძე
მელაძე
ღონღაძე
ჩხაიძე
დოლიძე
ქავთარაძე
ჩუბინიძე
გაგნიძე
გიგაური
სიხარულიძე
ლაცაბიძე
სიჭინავა
აბრამიშვილი
სამხარაძე
მჭედლიძე
მუმლაძე
უგრეხელიძე
რობაქიძე
კურტანიძე
ჟორჟოლიანი
ნაჭყებია
მაჭავარიანი
მახარაძე
კალანდაძე
არაბული
გურგენიძე
პეტრიაშვილი
აბაშიძე
მამულაშვილი
რეხვიაშვილი
გაფრინდაშვილი
ლიპარტელიანი
ბექაური
ტალახაძე
დავითაშვილი
ლობჟანიძე
დალაქიშვილი
მიქელაძე
ჭელიძე
ბოლქვაძე
ხვედელიძე
არევაძე
წერეთელი
ბოჭორიშვილი
ღვინიაშვილი
მაღლაკელიძე
კიკნაძე
ბარამიძე
მერაბიშვილი
ნადირაშვილი
მიქაძე
გოგია
გოგიშვილი
გოგალაძე
ბიწაძე
ჩიკვილაძე
ონიანი
ბერიშვილი
სირაძე
ცეცხლაძე
ქართველიშვილი
მგელაძე
ჩადუნელი
ახვლედიანი
ჩაჩანიძე
ბუცხრიკიძე
ნებიერიძე
ბრეგვაძე
აბესაძე
ფიფია
ჟღენტი
ჯოხაძე
ქათამაძე
მოსიაშვილი
ჭინჭარაული
ასანიძე
აბულაშვილი
ხარაიშვილი
რაზმაძე
ფირცხალაიშვილი
გულიაშვილი
როსტიაშვილი
მეგრელიშვილი
ბაკურაძე
ჯინჭარაძე
ჩიხლაძე
ნიჟარაძე
დვალიშვილი
ჩიქოვანი
აბუაშვილი
მესხი
ფეიქრიშვილი
მამედოვა
ცინცაძე
ზედგინიძე
მელიქიძე
კირკიტაძე
გოგრიჭიანი
პაპიაშვილი
პავლიაშვილი
ლეკიშვილი
შავაძე
კობერიძე
ლეჟავა
გეგეჭკორი
ტყემალაძე
გოგოხია
ცუცქირიძე
ჯოჯუა
კერესელიძე
შათირიშვილი
ნატროშვილი
ხომერიკი
კუპატაძე
ფხაკაძე
გელაძე
სვანიძე
ვაშაკიძე
მახარაშვილი
ხარაზიშვილი
გობეჯიშვილი
ღამბაშიძე
კილასონია
მუშკუდიანი
ბურდული
ყურაშვილი
ედიბერიძე
სანიკიძე
თევზაძე
მჟავანაძე
კილაძე
ციცქიშვილი
ფერაძე
ხატიაშვილი
ფხალაძე
ირემაშვილი
შანიძე
ბახტაძე
ფოფხაძე
მამედოვი
ვეკუა
მერებაშვილი
ჯიქია
გრძელიშვილი
ალადაშვილი
იმერლიშვილი
ბენდელიანი
წულაია
სიმონიშვილი
გოგიაშვილი
მღებრიშვილი
ჩხეიძე
ქურდაძე
ლომსაძე
ბოკუჩავა
ქუთათელაძე
ჩოხელი
პაიჭაძე
ავალიანი
ჩიტიშვილი
არჩვაძე
ჩიხრაძე
ჯანჯღავა
ახალკაცი
მაღრაძე
თაბაგარი
ჯანაშვილი
სხირტლაძე
ბალიაშვილი
ხიზანიშვილი
თოფურია
ჭუმბურიძე
ხუროშვილი
გოგინაშვილი
გაბისონია
რევაზიშვილი
კოპაძე
ნაკაშიძე
ჩაკვეტაძე
ზურაბიშვილი
ჟვანია
ბერიაშვილი
ხურცილავა
ტურაშვილი
ჩინჩალაძე
ლორია
დიასამიძე
კიკნაველიძე
ახალაია
ჯანაშია
გვასალია
გოგიჩაშვილი
ზარნაძე
თურმანიძე
პაპუაშვილი
ხმალაძე
ლურსმანაშვილი
ჭანკვეტაძე
ფიცხელაური
ნუცუბიძე
შალამბერიძე
გაჩეჩილაძე
ყიფიანი
ღუღუნიშვილი
შონია
ბაქრაძე
ჩახვაშვილი
ჩხარტიშვილი
ნეფარიძე
ქარჩავა
ქარდავა
ქორიძე
ქიტიაშვილი
ბერაძე
შეროზია
გოცირიძე
ცაავა
კირვალიძე
გიორგობიანი
გაგუა
ინასარიძე
აბუთიძე
ხიმშიაშვილი
საჯაია
შველიძე
ხარებაშვილი
კაკაურიძე
კაკულია
ჭეიშვილი
კუპრეიშვილი
ჩანქსელიანი
ნიკოლაიშვილი
კიკვაძე
თავაძე
ბაინდურაშვილი
გვაზავა
გაბრიჭიძე
სარალიძე
დევდარიანი
კვინიკაძე
ხორბალაძე
ქვლივიძე
მიქაბერიძე
დვალი
იაკობაშვილი
კახიძე
ლემონჯავა
გუგულაშვილი
პაპუნაშვილი
გვენეტაძე
ნიქაბაძე
მამალაძე
სურმანიძე
ასათიანი
მელიქიშვილი
ქარცივაძე
დევიძე
ქობალია
კუტალაძე
კახნიაშვილი
კაჭარავა
ზურაბაშვილი
სადაღაშვილი
ტატიშვილი
ცარციძე
ჩანადირი
ალიევი
ხურციძე
ნასყიდაშვილი
რამიშვილი
კალანდია
ჩაფიძე
ცირეკიძე
ქვათაძე
მაზმიშვილი
კაციტაძე
ილურიძე
გუმბერიძე
მდივანი
ბელქანია
ხაჭაპურიძე
ბუჩუკური
მინდიაშვილი
ჯაჯანიძე
ლომთაძე
ბიბილაშვილი
ღლონტი
ჯაყელი
ბეგაშვილი
კოხრეიძე
ალანია
დემეტრაშვილი
ბასილაშვილი
სებისკვერაძე
როსტომაშვილი
ედიშერაშვილი
ჩხიკვაძე
კვაჭანტირაძე
ქველაძე
ხარშილაძე
ავსაჯანიშვილი
პაპავა
კაჭკაჭაშვილი
შარიქაძე
ასლამაზიშვილი
შურღაია
ზარანდია
ზარიძე
ბაგალიშვილი
გოგსაძე
შაქარაშვილი
ბეჟაშვილი
ცხადაძე
შეყილაძე
ღაჭავა
სიგუა
კანდელაკი
გოგიჩაიშვილი
ოთარაშვილი
გოგიბერიძე
მიქავა
კუპრაშვილი
კაკაბაძე
გორგაძე
ელბაქიძე
მარტიაშვილი
ჩხეტიანი
ხომასურიძე
გოგატიშვილი
ჯანელიძე
ჩუთლაშვილი
ბაღათურია
გაბარაშვილი
ცუხიშვილი
ცომაია
კვირიკაშვილი
არღვლიანი
კამლაძე
ზუბაშვილი
რუხაძე
მელქაძე
გზირიშვილი
მებონია
პაპიძე
კასრაძე
დურგლიშვილი
სოფრომაძე
ქიტოშვილი
სახვაძე
ირემაძე
ანთია
სულაბერიძე
ხარებავა
ფანცულაია
შიუკაშვილი
ვეფხვაძე
ბურჯანაძე
ჩალაძე
გვარამია
ღურწკაია
კოჭლამაზაშვილი
ჭყონია
ხარჩილავა
ახალკაციშვილი
გურჩიანი
დადიანი
პერანიძე
ბოსტოღანაშვილი
მანაგაძე
ცხოვრებაძე
ოდიკაძე
ბეგიაშვილი
ჭიღლაძე
კვაშილავა
გუგუჩია
ლობჯანიძე
ჯალაბაძე
გურაშვილი
ქალდანი
შამათავა
ჭიკაძე
გუჯეჯიანი
გავაშელი
მაზიაშვილი
ნემსაძე
მამისაშვილი
ერაძე
გოგუა
გაბუნია
სულამანიძე
რიჟამაძე
თვაური
ადამია
ბეჭვაია
გაბელია
ნადარაია
ტვილდიანი
ადეიშვილი
კორაშვილი
ხვიჩია
ალიევა
ოსიაშვილი
აფხაზავა
ქირია
გიგინეიშვილი
ჩილინდრიშვილი
სურმავა
ოქროპირიძე
ციხელაშვილი
კიკილაშვილი
ყაველაშვილი
მაღალდაძე
მენაბდე
გველესიანი
მელაშვილი
ღუდუშაური
კაციაშვილი
გილიგაშვილი
ურუმაშვილი
ჯავაშვილი
შანავა
ყალიჩავა
შანყულაშვილი
კოპალიანი
ვარაზაშვილი
გოზალიშვილი
იოსელიანი
გუგეშაშვილი
თედიაშვილი
ჩიტაძე
ლალიაშვილი
ნაცვლიშვილი
მახათაძე
ჯანიაშვილი
ბლიაძე
ძნელაძე
მიროტაძე
ზოიძე
იარაჯული
გაზდელიანი
ნათენაძე
კევლიშვილი
გოგუაძე
ფაღავა
ბენაშვილი
თავართქილაძე
ზირაქაშვილი
ასლანიშვილი
ძამუკაშვილი
ვაშაყმაძე
გოგილაშვილი
ზურაშვილი
მირიანაშვილი
მესხიშვილი
პატარაია
კვანტალიანი
ხორავა
ვადაჭკორია
თამაზაშვილი
დუმბაძე
ქურციკიძე
გოგოჭური
ჭანტურიძე
მეზვრიშვილი
თეგეთაშვილი
თვალიაშვილი
ალავიძე
ოთიაშვილი
ქავთარაშვილი
დათაშვილი
ნინოშვილი
ორაგველიძე
ჭელიშვილი
ფოლადაშვილი
სულაძე
ვარდოსანიძე
ფოჩხუა
გუსეინოვი
ნიკოლეიშვილი
გოგიტიძე
ჯანგულაშვილი
ჭითანავა
ოსეფაშვილი
გურეშიძე
მესხია
ოდიშელიძე
შუკაკიძე
ფორჩხიძე
ხიდაშელი
სოხაძე
გიორგიძე
ნიკოლაშვილი
სისვაძე
ქანთარია
ცაბაძე
ჩალათაშვილი
ზაზაძე
ხუბუა
ტყებუჩავა
კაკალაშვილი
თენაძე
რატიანი
ვაჩეიშვილი
ქაჩლიშვილი
შუბლაძე
ხალვაში
მაზანიშვილი
დევნოზაშვილი
გოგაძე
ჭიჭინაძე
დორეული
გორდელაძე
წულუკიძე
გეთიაშვილი
კუბლაშვილი
ანთაძე
მაჩიტიძე
ძაძამია
ვარდანაშვილი
თირქია
ხარბედია
ბაგრატიონი
მიქაია
როგავა
ჯალიაშვილი
ლაბაძე
ფარცვანია
ელიზბარაშვილი
მიქიაშვილი
ნაკაიძე
ცქიტიშვილი
ხოსიტაშვილი
ბუზალაძე
მურვანიძე
სარქისიანი
ბანცაძე
ფაცაცია
თოიძე
ლაზარაშვილი
ფოცხვერაშვილი
სულაქველიძე
კირთაძე
დარბაიძე
გოცაძე
ხუსკივაძე
ბულია
თათარაშვილი
მიდელაშვილი
მიმინოშვილი
ქარქაშაძე
შოშიაშვილი
დარახველიძე
სანაია
ზაზაშვილი
ჭედია
გუსეინოვა
ელიკაშვილი
კობაიძე
ჩახუნაშვილი
ბირკაძე
დავლაძე
ბანძელაძე
თეთრაძე
შაინიძე
ჭყოიძე
ქუმსიაშვილი
კონჯარია
სამსონიძე
ფარქოსაძე
ჯულაყიძე
ჭკადუა
ციმინტია
წურწუმია
წაქაძე
მეკოკიშვილი
ხიზანაშვილი
ცანავა
სალუქვაძე
ხითარიშვილი
მურჯიკნელი
ტაბაღუა
ჭიჭიაშვილი
სამადაშვილი
იობაშვილი
აბდუშელიშვილი
ესიაშვილი
გაბედავა
ჯიქიძე
ჭიკაიძე
ნინუა
ენუქიძე
წიწილაშვილი
ბერულავა
გაბაძე
კორკოტაძე
ბაბუნაშვილი
კიპაროიძე
ნადიბაიძე
თხელიძე
არჩუაძე
ნარიმანიძე
ქვარცხავა
კუპრაძე
ბეროშვილი
ძინძიბაძე
მუკბანიანი
კახაძე
ანდღულაძე
ძიძიკაშვილი
გუჯაბიძე
ბარაბაძე
ხოზრევანიძე
ტერუნაშვილი
ჯიშკარიანი
დათუნაშვილი
კაცაძე
მახარობლიშვილი
გოგობერიშვილი
გულუაშვილი
ბლუაშვილი
ლომთათიძე
ჯალაღანია
ბიძინაშვილი
ძამაშვილი
ფრუიძე
მენთეშაშვილი
ზვიადაური
ქისტაური
შავიძე
ობოლაძე
ნემსწვერიძე
მათიაშვილი
ჭიტაძე
ავალიშვილი
ღარიბაშვილი
გრძელიძე
გელიაშვილი
კობალაძე
კვიციანი
ნამორაძე
კვიკვინია
მაისაშვილი
კაზარიანი
კლდიაშვილი
იმედაშვილი
ჩაჩუა
ბაძაღუა
ზაუტაშვილი
ბიგვავა
ლაშხია
გიუნაშვილი
კინწურაშვილი
ხავთასი
სიფრაშვილი
ლაშქარაშვილი
ერისთავი
ბარათაშვილი
შარაბიძე
თადიაშვილი
ზაქაიძე
გასანოვა
კუცია
მერკვილაძე
ჩიტაია
ლელაძე
ჩოქური
ოტიაშვილი
შერმადინი
თუთარაშვილი
ნინიაშვილი
ნაზღაიძე
ბირკაია
ბარნაბიშვილი
სოლოღაშვილი
ოსაძე
ბეკოშვილი
ქებურია
გულიკაშვილი
თედორაძე
შაყულაშვილი
ისმაილოვი
დაბრუნდაშვილი
მურადიანი
გვარამაძე
გუბელაძე
ბახტურიძე
კიკალიშვილი
ვარდიაშვილი
კოპალეიშვილი
ნავერიანი
ჯობავა
ოჩხიკიძე
ჭაბაშვილი
კვიჟინაძე
სოლომნიშვილი
ბუკია
წიქარიშვილი
მურადოვა
გირგვლიანი
ბორცვაძე
ქრისტესიაშვილი
ცხოვრებაშვილი
მხეიძე
ხმელიძე
მარგველაშვილი
ობოლაშვილი
ომიაძე
ხაბულიანი
ეფრემიძე
გიგოლაშვილი
მწყერაშვილი
უტიაშვილი
ჯაფოშვილი
გობეჩია
არჩაია
გრიგოლია
მაჩიტაძე
უდესიანი
კაკიაშვილი
ლატარია
კოსტავა
ნიშნიანიძე
ზერეკიძე
ჩხიტუნიძე
გორგოძე
დავითაია
ფანჩულიძე
გახარია
ჩუხრუკიძე
შვანგირაძე
გურული
გოგაშვილი
ბედოშვილი
წიქარიძე
დიდებაშვილი
მირზაშვილი
შერვაშიძე
ტყეშელაშვილი
ლელაშვილი
არჯევანიძე
სიორდია
თათრიშვილი
მიხელიძე
მამასახლისი
მანჩხაშვილი
ჯაფიაშვილი
ტარტარაშვილი
პაპაშვილი
ვარდანიძე
ბუაძე
ხარატიშვილი
მოსეშვილი
მგალობლიშვილი
პატაშური
იმნაიშვილი
ორველაშვილი
ტყაბლაძე
გოგიძე
კორკოტაშვილი
ასლამაზაშვილი
თევდორაძე
გონაშვილი
ჯაშიაშვილი
ტლაშაძე
სუბელიანი
კოხტაშვილი
მალაზონია
ბეჟიტაშვილი
ეპიტაშვილი
თუთბერიძე
ჭაბუკიანი
ელოშვილი
პერტაია
შარაშენიძე
ყულიაშვილი
ქეთელაური
კალანდარიშვილი
კარანაძე
მურუსიძე
ქენქაძე
არსენაშვილი
ახობაძე
ბეჟანიშვილი
ჯიბლაძე
ბასილაძე
ადუაშვილი
ინდუაშვილი
ქიზიყურაშვილი
სახელაშვილი
კაკაშვილი
ჯალაღონია
ბეჟანიძე
ასპანიძე
კვესელავა
ოქრიაშვილი
ზაქარაია
აბრამაშვილი
ბერაია
მამუკიშვილი
შუკვანი
ხელაშვილი
სუხიტაშვილი
ყოჩიაშვილი
ამირანაშვილი
ლონდარიძე
დარჩია
ცხვედიანი
ელიაშვილი
ბუხრიკიძე
გერგაია
სანებლიძე
ბაიდაური
მუზაშვილი
გაბაშვილი
ღვინიანიძე
სეფაშვილი
თაბორიძე
ხოკრიშვილი
ქემაშვილი
ტუკვაძე
ნინიკაშვილი
სოსელია
ბერძენიშვილი
ჩახაია
ძირკვაძე
პაპუკაშვილი
შუბაშიშვილი
თოლორდავა
მირცხულავა
ხუნაშვილი
გოგბერაშვილი
სტეფანიშვილი
ნაცვალაძე
შიოშვილი
ფირცხალავა
ძიძიგური
უბირია
ვასაძე
მიქაუტაძე
ჯელაძე
ზანგალაძე
მდინარაძე
ყველაშვილი
უძილაური
ბაზერაშვილი
ჭანია
ომანაძე
ტატუნაშვილი
კოშაძე
წივილაშვილი
ბალახაძე
ვერულაშვილი
ქადარია
შაორშაძე
გასანოვი
ამონაშვილი
სხულუხია
ესაკია
ბჟალავა
დევაძე
ვალიევა
შელია
ხულორდავა
ღვალაძე
ბროძელი
ქადაგიშვილი
შავიშვილი
ყაულაშვილი
ურიდია
დობორჯგინიძე
თუშიშვილი
კახაბრიშვილი
მოლაშხია
ზურაბიანი
გელოვანი
ბითაძე
ზენაიშვილი
ელისაშვილი
ნადარეიშვილი
გვიშიანი
გორგილაძე
მამნიაშვილი
მიგრიაული
ავაზაშვილი
გვენცაძე
ყელბერაშვილი
იაკობაძე
ხოხობაშვილი
ჯაიანი
აფრასიძე
ჩქარეული
ხუბულური
მოსახლიშვილი
ნახუცრიშვილი
ყვავაძე
ლორთქიფანიძე
არაბიძე
დათუკიშვილი
ქევხიშვილი
კორინთელი
ბუჯიაშვილი
წოწინაშვილი
ოდიშვილი
ბაღდავაძე
სამყურაშვილი
სუჯაშვილი
გულბანი
დავითაძე
სიდამონიძე
სამუშია
ცინდელიანი
სულხანიშვილი
დარასელია
დავაძე
ლაგვილავა
ყრუაშვილი
ბარლიანი
სხილაძე
გილაშვილი
შეწირული
აგლაძე
ქობლიანიძე
ციციშვილი
ზეინალოვა
ბერდელიძე
კანდელაკიშვილი
ბატიაშვილი
ზექალაშვილი
ველიჯანაშვილი
ბეგლარაშვილი
უჩავა
მაღლაფერიძე
კოხოძე
ბარკალაია
ჭოლაძე
ტაკიძე
კრავეიშვილი
ტერაშვილი
კუზიბაბაშვილი
არქანია
ჭიაურელი
ხოფერია
ნაბიევა
თარხნიშვილი
გაროზაშვილი
ფილიშვილი
ხუნდაძე
ლაზარიაშვილი
ისაკაძე
ბერუკაშვილი
მინაშვილი
ფალავანდიშვილი
სილაგაძე
რუსია
თაბუკაშვილი
კუკუნაშვილი
გოგებაშვილი
ბირთველიშვილი
კაიშაური
საღინაძე
არუთინაშვილი
ტურაბელიძე
კეკუტია
დუდუჩავა
ჯარმელიშვილი
გუნცაძე
ჯანგიანი
გასვიანი
ერემეიშვილი
დოგრაშვილი
სეხნიაშვილი
ქოქიაშვილი
ელერდაშვილი
ჯებისაშვილი
დაუთაშვილი
კუხიანიძე
ჭაფოძე
ებრალიძე
ქოჩორაშვილი
ქშუტაშვილი
თითმერია
არუნაშვილი
ბურძენიძე
კვეტენაძე
ბეროზაშვილი
ბუგიანიშვილი
მეგრელიძე
ალახვერდიევი
ტეფნაძე
საღლიანი
სელიმაშვილი
კვირკველია
ბაკურიძე
კეკუა
ვანიშვილი
გუგუშვილი
კუჭავა
ქობელაშვილი
ლაფანაშვილი
ყარსიმაშვილი
კუპრავა
გოჩიაშვილი
მარღიშვილი
ჩაჩხიანი
მიქიანი
გეჯაძე
ინწკირველი
ჭიაბერაშვილი
ფირანიშვილი
არახამია
აივაზაშვილი
ძველაია
ჩალაური
მშვილდაძე
ხუციძე
ლიპარტია
ჩაჩავა
აროშიძე
ღამბარაშვილი
ჯანჯალაშვილი
თინიკაშვილი
გაბიძაშვილი
კენჭოშვილი
ლუარსაბიშვილი
გოგოტიშვილი
ჩერქეზიშვილი
კორძაია
კუკავა
ღვედაშვილი
ხაინდრავა
ხარაშვილი
იაკობიშვილი
მანგოშვილი
აბშილავა
სოზაშვილი
ნერგაძე
ხუბულავა
მანველიშვილი
მოსულიშვილი
ბერბიჭაშვილი
ფილაური
ლუაშვილი
საძაგლიშვილი
სადუნიშვილი
ხოსრუაშვილი
მურღვლიანი
მამალაშვილი
ტორჩინავა
ეჯიბაძე
გაბიტაშვილი
გაბათაშვილი
ბეჟუაშვილი
ჭურღულია
მარკოზაშვილი
ჩარგეიშვილი
ბუიღლიშვილი
ნოდია
მჟავია
ციკოლია
ბაციკაძე
მესაბლიშვილი
პირველი
ჯაბუა
ქიქავა
ზუხბაია
ვაჭარაძე
უხურგუნაშვილი
ტაბიძე
ბერელიძე
ქურასბედიანი
აკობია
ჯღამაძე
ნანეიშვილი
ჩიკვაიძე
აფრიაშვილი
გონგლაძე
ისმაილოვა
ანდრიაშვილი
ნარუშვილი
ხმიადაშვილი
გოდერძიშვილი
ლეშკაშელი
ბარდაველიძე
ამბოკაძე
ყიფშიძე
ტრაპაიძე
გუდავაძე
ბოხუა
კიკაბიძე
ოზაშვილი
იაშაღაშვილი
ბიბიაშვილი
ნასარიძე
ჯელია
ქალიაშვილი
ხეცურიანი
გადელია
დემურაშვილი
გერლიანი
გოლეთიანი
ლიქოკელი
დგებუაძე
თვალაბეიშვილი
ბალახაშვილი
ნადაშვილი
მორგოშია
ბოჭოიძე
გომარელი
სუხიშვილი
ჟამურელი
ჩიტუაშვილი
გუნია
ჰუსეინოვი
კარელიძე
ებანოიძე
კაკაჩია
ფილფანი
ლომიშვილი
გოდოლაძე
ჩიტორელიძე
ბერიძიშვილი
შოშიტაშვილი
გვრიტიშვილი
ჩიბურდანიძე
გეთია
ბიბიჩაძე
გორდეზიანი
ვარსიმაშვილი
თოფჩიშვილი
გაგოშიძე
ონიკაშვილი
დღვილავა
კოტორაშვილი
ცაციაშვილი
ხუმარაშვილი
ბოგვერაძე
დავითულიანი
შაიშმელაშვილი
ხვადაგიანი
ნონიკაშვილი
ლაზაშვილი
ხუჭუა
გულუა
ივანაშვილი
მარგოშვილი
მაყიშვილი
მექვაბიშვილი
ენდელაძე
ზარდიაშვილი
მარკოზია
ნათაძე
დოლიაშვილი
საგინაძე
ზაბახიძე
ჯაოშვილი
იუსუბოვი
მოძღვრიშვილი
ჩიქობავა
ფრიდონაშვილი
ტიგინაშვილი
გაბელაია
ბუბუნაური
შიშინაშვილი
ქაროსანიძე
ბიჩინაშვილი
ქობულაძე
ქააძე
კეშელავა
კობეშავიძე
ფაილოძე
თუმანიშვილი
გოჩიტაშვილი
ვარდიძე
ქინძოძე
გომელაური
საყვარელიძე
ლარცულიანი
პაჭკორია
ედილაშვილი
დიღმელაშვილი
გიგილაშვილი
ნაზაროვა
ცხომელიძე
დანელიშვილი
არდემანაშვილი
იასეშვილი
ქუქჩიშვილი
კვირიკაძე
ფუტკარაძე
ქიზიყელაშვილი
სანოძე
ბეშკენაძე
ბუთხუზი
ოსიტაშვილი
ჭანუყვაძე
ხაბაზიშვილი
ბულაცაშვილი
გულედანი
გოფოძე
თამარაშვილი
შანშიაშვილი
ცინარიძე
ლომინაძე
გოდერიძე
ქობალავა
თაკალანძე
სუთიძე
ნაბიევი
ლებანიძე
თოლორაია
ლუტიძე
გამეზარდაშვილი
აზიკური
ლომაია
პატარიძე
რუხაია
მანჯავიძე
ბაკაშვილი
ხალილოვა
ბაზუაშვილი
ღავთაძე
ჯარიაშვილი
ზუბიტაშვილი
ხუხია
ჟიჟიაშვილი
ჭანკოტაძე
ბაღაშვილი
მედულაშვილი
თათოშვილი
მარუაშვილი
კერატიშვილი
ქარენაშვილი
ზაქარიაძე
წკრიალაშვილი
გოგოძე
აზრუმელაშვილი
მარგიანი
გოგოლაური
ნოღაიდელი
ჭუმბაძე
კვასტიანი
ხუცურაული
ხელაძე
მანჯგალაძე
ბერიანიძე
ლეკვეიშვილი
ლეკიაშვილი
ცოცხალაშვილი
ბობოხიძე
ბარნოვი
მარღია
ლუკავა
ტერტერაშვილი
ქაშიბაძე
ზვიადაძე
მოწყობილი
მანია
ჭაღალიძე
ქუშაშვილი
კოპლატაძე
მასურაშვილი
მაცაბერიძე
შედანია
დოლაკიძე
ბერიკაშვილი
რომანაძე
მანუკიანი
იობიძე
ბადალოვა
დეკანოსიძე
ჭიპაშვილი
ცინაძე
ქვარაია
გიგანი
ტუჩაშვილი
ჭულუხაძე
ცქვიტაია
ძიძიშვილი
მთავრიშვილი
ორჯონიკიძე
ავეტისოვი
ცნობილაძე
ღვაბერიძე
ჯამაგიძე
იაშვილი
ბებია
საბაშვილი
ჯღარკავა
დავითიანი
მამფორია
ბადაგაძე
კაცობაშვილი
მამაცაშვილი
ჯანგირაშვილი
ბუზიაშვილი
გვიმრაძე
უგლავა
ვალიშვილი
გადრანი
სარჯველაძე
გაბრიჩიძე
ფურცელაძე
დეკანაძე
დეკანოიძე
წამალაშვილი
წასიძე
ჩიგოგიძე
გოგავა
კოკაია
ცენტერაძე
შკუბულიანი
გიგუაშვილი
ჩხარჩხალია
რაფავა
სუხაშვილი
ხოჭოლავა
დოლაბერიძე
კასაბური
რუაძე
ხოხაშვილი
ოზბეთელაშვილი
ბუხნიკაშვილი
ტეტუნაშვილი
მედოიძე
მირინაშვილი
კუხალეიშვილი
ცალანი
ვარდოშვილი
რთველიაშვილი
ლომია
ბაგაშვილი
დოიჯაშვილი
ლოხიშვილი
მარსაგიშვილი
გუდაძე
ბედიაშვილი
მებაღიშვილი
შეთეკაური
სანდაძე
ბრეგაძე
ჯიჯელავა
მეტონიძე
გამცემლიძე
კოზმანაშვილი
ყუბანეიშვილი
ლილუაშვილი
ალექსიშვილი
სარიშვილი
არუთინოვი
ჯახველაძე
შარაშიძე
ბაირამოვა
ითაშვილი
კეკელია
ვაშაძე
ჟორჟოლაძე
ჯაბანაშვილი
ბაბილოძე
ბაზანდარაშვილი
მესტვირიშვილი
ფურელიანი
მულაძე
ქერდიყოშვილი
ლომიტაშვილი
ჯაფაროვა
არდოტელი
ყვარელაშვილი
თეზელაშვილი
კიკალეიშვილი
ნიგურიანი
სულავა
ასამბიანი
სუქნიძე
კეზევაძე
ყეინაშვილი
კედელაძე
ჩხვიმიანი
ახალაძე
ჭონქაძე
ჩოჩუა
სახოკია
მექვევრიშვილი
კიკოლაშვილი
ჯანხოთელი
მუსტაფაევა
ორმოცაძე
შავერდაშვილი
ჯეირანაშვილი
გელხაური
მეფარიშვილი
მემმედოვა
ეძგვერაძე
მერკვილიშვილი
მირველაშვილი
სვანიშვილი
შაფაქიძე
მოსია
სივსივაძე
სიდამაშვილი
ფაჩულია
მამულაძე
ჩოთალიშვილი
მაქაძე
უკლება
გარიშვილი
გერმანიშვილი
ციცხვაია
დოდაშვილი
ალაფიშვილი
კრაწაშვილი
თვალთვაძე
მექვაბიძე
ჭავჭავაძე
მაკაროვი
სარდლიშვილი
მსხილაძე
მამუკაშვილი
ავაქოვი
ქოროღლიშვილი
მამადაშვილი
ნემსიწვერიძე
წულეისკირი
ახალბედაშვილი
მახმუდოვა
ტაგანაშვილი
კაშია
ზიბზიბაძე
გოგიტაური
დოხნაძე
შავლიაშვილი
ხიჯაკაძე
ნაფეტვარიძე
თანდაშვილი
დულარიძე
ქიმერიძე
გურგენიშვილი
გუმაშვილი
აბზიანიძე
მერმანიშვილი
ოქროპილაშვილი
გოგელია
ზარქუა
სართანია
ბაირამოვი
ივარდავა
ძაგანიშვილი
ნანსყანი
ჯინჭველაშვილი
წითელაშვილი
ბულბულაშვილი
ინანაშვილი
სულიკაშვილი
ბაჯიაშვილი
გულორდავა
დუნდუა
მათეშვილი
ლაცუზბაია
ფატარიძე
გორდაძე
მატუა
საბიაშვილი
კერვალიძე
სეიდოვა
კვირჭიშვილი
იაკობიძე
ხარატიანი
გრიგორიანი
კარდენახიშვილი
ქათიბაშვილი
კობიაშვილი
გვილავა
მოლაშვილი
ურუშაძე
უცუნაშვილი
გიორგაშვილი
იაღანაშვილი
ლოლიშვილი
თევდორაშვილი
მდივნიშვილი
დარჯანია
სალდაძე
ღლიღვაშვილი
თავდიშვილი
ჩოკოშვილი
ქოჩქიანი
ყანაშვილი
ხვიჩავა
სონღულაშვილი
შამუგია
მამასტარაშვილი
გამისონია
ციმაკურიძე
თაბუაშვილი
კვირტია
გვირჯიშვილი
აბალაკი
მარხვაიძე
კვიცარიძე
ჩალიგავა
მეკოშკიშვილი
დონაძე
ოდოშაშვილი
მენაფირე
ეფენდიევა
ჩაბოშვილი
ტარიელაშვილი
არაყიშვილი
მანდარია
მიდელაური
ლაფაჩიშვილი
ფირცხელავა
ცირიკიძე
გიორგანაშვილი
გათენაძე
ზატუაშვილი
მიქელბაია
მარაული
ხანდოლიშვილი
სარალიშვილი
ხასია
მუსტაფაევი
კურდღელაშვილი
ახმედოვა
მარდალეიშვილი
აგაჯანოვი
ხახვიაშვილი
ცისკარიშვილი
ბეციაშვილი
აჩელაშვილი
მიქელაიშვილი
გადილია
ლეკაშვილი
გამგებელი
ბურჭულაძე
ჯიღაური
კურბანოვი
იაგანაშვილი
თურვანდიშვილი
მარგალიტაძე
შაკიაშვილი
ბასიაშვილი
ანთიძე
ბარიხაშვილი
ყოყოჩაშვილი
მირუაშვილი
ექიზაშვილი
ბაძგარაძე
ყორშია
ბადალოვი
ხარატიძე
შანშაშვილი
ქამუშაძე
კენკებაშვილი
ბულალაური
მაზმანიანი
გვალია
ცირამუა
ხალაძე
მიხაილოვი
ნარუსლიშვილი
გოქაძე
ფარჯიანი
არველაძე
ბარძიმაძე
ბოდაველი
საბანაძე
ნასიბოვი
ქიქოძე
შაშიაშვილი
ჯმუხაძე
ცისკარიძე
ჭაუჭიძე
სეფიაშვილი
კაპატაძე
ახრახაძე
ჭოველიძე
თათარიშვილი
ხონელიძე
გალდავა
დულუზაური
ერქვანია
ისაევი
ხარიბეგაშვილი
ცაგურია
მკერვალიშვილი
ბახუტაშვილი
ბეკურაშვილი
ჩეჩელაშვილი
გოჯაევი
ვეშაპიძე
სპანდერაშვილი
ასკილაშვილი
კელენჯერიძე
გივიშვილი
ზაქარაძე
სამნიაშვილი
ტაველიშვილი
გიოშვილი
ყარმაზანაშვილი
მეგენეიშვილი
ბებერაშვილი
ჭოჭუა
მაძღარაშვილი
კვაჭაძე
ჩხეტია
ლაშაური
ზავრაშვილი
წამალაიძე
კოზმავა
გახოკიძე
თანიაშვილი
კოკოზაშვილი
ნანავა
მირზიაშვილი
ქაცანაშვილი
მესტიაშვილი
ოგანესიან
სულაშვილი
შარმიაშვილი
კალატოზიშვილი
ლავრელაშვილი
ჯიხვაშვილი
ჯაბიშვილი
ვოსკანიანი
ახოიშვილი
მარშანია
ქარქუზაშვილი
აკოფაშვილი
დარციმელია
გოგოლიძე
რეკვავა
თორდინავა
სოსიაშვილი
ჭავჭანიძე
სირბილაძე
მოქია
დაიაური
კუნელაური
დამენია
ფირიაშვილი
ლომსიანიძე
ხორნაული
კერვალიშვილი
ჯალილოვა
ვარდუაშვილი
ომანიშვილი
ღვამბერიძე
გორგიშელი
ბეგლარიშვილი
კბილცეცხლაშვილი
მელუა
ჭილაია
ჭაღიაშვილი
ხეჩიკაშვილი
დემურიშვილი
ლალუაშვილი
ბეგაძე
უშხვანი
წივწივაძე
ვერულიძე
თენოშვილი
მალაყმაძე
მაგრაქველიძე
ქოთოლაშვილი
მღვდელაძე
ბოსიკაშვილი
აღნიაშვილი
ასკაროვი
ულუმბელაშვილი
ჩირგაძე
მუჯრიშვილი
გოგლიჩიძე
ალშიბაია
ზეინკლიშვილი
რეზესიძე
ფირცხელიანი
ესაძე
ჯადუგიშვილი
ფანჯავიძე
ჯაფაროვი
ბარელაძე
ზაქაშვილი
გუშარაშვილი
კომახიძე
ტიღაშვილი
დაშნიანი
გოგილავა
პაიაშვილი
ერიშვილი
ნარსავიძე
გარაევი
გვანცელაძე
მამაგეიშვილი
ქართლელიშვილი
მუჩიაშვილი
ჯიმშელეიშვილი
ყაჭიური
საფაროვი
სამსიანი
ქეთიაშვილი
ზანგურაშვილი
ნანდოშვილი
მთიულიშვილი
თავბერიძე
მეცხვარიშვილი
აბელიანი
დიაკონიძე
სანიშვილი
ნარეკლიშვილი
კიკაჩეიშვილი
დათუაშვილი
გიკაშვილი
ვარშანიძე
ქოქაშვილი
ძაგანია
მარგიევი
დვალიძე
ავლოხაშვილი
ჭიკარტაძე
ალფაიძე
შეშაბერიძე
ლევიძე
ბოდოკია
ლოლაძე
ფარჯანაძე
ხაჩატუროვი
ცისკაძე
ბაღდასარიანი
ბურნაძე
ოქრუაშვილი
ბუნტური
თათიკიშვილი
ნაკანი
გურგენაძე
ჯაფარაშვილი
სიხარულია
ნათელაშვილი
მკრტიჩიანი
ზუმბაძე
სვანაძე
ქაფიანიძე
ქობულაშვილი
ცატავა
მუჩიაური
გერგედავა
თოთაძე
კარამოვი
დადვანი
მოსიძე
ბიკაშვილი
კიკაძე
მსხვილიძე
გარსევანიშვილი
ქუცნიაშვილი
კენჭიაშვილი
ბანანაშვილი
ქელეხსაშვილი
გელიშვილი
ბაქუზანაშვილი
მანუკიან
ჩანჩიბაძე
საკანდელიძე
ხიტირი
ჯიშიაშვილი
მორჩილაძე
გაურგაშვილი
ქარქუსაშვილი
კუსრაშვილი
ყაფლანიშვილი
ბაბლუანი
გულბათაშვილი
ჯერენაშვილი
პილტოიანი
თოფურიძე
კანკია
ღოლიჯაშვილი
გოჩაშვილი
რევაზაშვილი
ჭალიძე
თავგორაშვილი
ემრაშვილი
ხოდელი
შოთნიაშვილი
მონიავა
ჯამრიშვილი
ამყოლაძე
გიგიაშვილი
გავაშელიშვილი
ბროლაშვილი
ნავროზაშვილი
რიკაძე
გასიტაშვილი
ოშაყმაშვილი
გვარლიანი
ჯოლბორდი
ამნიაშვილი
ბეღელაძე
ლაფერაშვილი
მარტყოფლიშვილი
ბენიაიძე
სილაგავა
ანსიანი
მეშვილდიშვილი
სადუნაშვილი
ხოკერაშვილი
ქებაძე
გაჯიევა
ბლაგიძე
ჯავახია
შავლაძე
ყულჯანიშვილი
ნარიმანიშვილი
ღონიაშვილი
იბრაგიმოვი
ძაძამიძე
მიხანაშვილი
გაგელიძე
კეღოშვილი
ქორჩილავა
ივანიძე
გაბაიძე
მოკვერაშვილი
ყიასაშვილი
ფირაშვილი
თელიაშვილი
შპეტიშვილი
მამარდაშვილი
ელოიან
ხახიშვილი
ნაიბოვა
მალიშავა
მამამთავრიშვილი
ვარძელაშვილი
პოპიაშვილი
ქერდიკაშვილი
ბაბაევი
რატიშვილი
ჩიტაშვილი
ქარუმიძე
ჯაში
ბაიაძე
მიქელაშვილი
თურქაძე
ფალიანი
ვალიევი
ბოკელავაძე
კენკიშვილი
გუგავა
კაშმაძე
სისაური
ფალელაშვილი
ქურთაული
ხერგიანი
მოსაშვილი
ცხენოსანიძე
დევრისაშვილი
ჯაშაშვილი
ნანუაშვილი
ჯებირაშვილი
ხვიბლიანი
კოჩაძე
ოყუჯავა
ჩუტკერაშვილი
გოგეშვილი
ხვიტია
ქარელიშვილი
მექუდიშვილი
სულიაშვილი
თანდილაშვილი
ფსუტური
კახეთელიძე
პეტაშვილი
ლორჩოშვილი
სტეფნაძე
ბეშიძე
ქოქოსაძე
პაპინაშვილი
მაღალაშვილი
კარბაია
გაბრიელაშვილი
დალალიშვილი
მეხაშიშვილი
ნიკოლაძე
მუხადგვერდელი
ლელუაშვილი
გასპარიანი
მაზანაშვილი
ჩალაბაშვილი
შირინიანცი
უმეკაშვილი
ბუდაღაშვილი
მამაიაშვილი
მუსერიძე
ყაზარაშვილი
პატარკაციშვილი
ციხელიშვილი
გრიქუროვი
საბაძე
მოციქულაშვილი
ქარჩხაძე
ბალამწარაშვილი
არეშიძე
შულაია
ხარაული
ჩოგოვაძე
კელეპტრიშვილი
მწითური
არხოშაშვილი
აზარიაშვილი
სოსებაშვილი
ბაიდოშვილი
ალთუნაშვილი
ალიბეგაშვილი
აბდულაევი
ხუნწარია
გულაღაშვილი
ყურუა
ჭარელაშვილი
თუთაშვილი
დოკვაძე
კელაპტრიშვილი
ბალავაძე
ეკალაძე
ხელხელაური
იოსავა
ჯინორია
ტუნაძე
გელენავა
მარქარაშვილი
ქარსელაძე
ფანჩვიძე
რამაზაშვილი
ბედინაშვილი
ქაქუთია
გელენიძე
ლაჩაშვილი
გოლიაძე
დემეტრაძე
გელიტაშვილი
ფიროსმანაშვილი
კუტალია
აფაქიძე
ქომეთიანი
ნიპარიშვილი
ჯოლოხავა
შუღლიაშვილი
ზაქარაშვილი
ნასიბოვა
ბიჭიკაშვილი
დარბუაშვილი
ბედიანაშვილი
მეხტიევი
სამადალაშვილი
ბედიევი
ანანიძე
კუტუბიძე
კუჭაშვილი
ფარჯველიანი
ბრაგვაძე
რესტევანიანი
ბასილიძე
გიგაშვილი
ბაბლიძე
ბერიკიშვილი
ოქრომელიძე
ყანდინაშვილი
ჯამბაზიშვილი
თეთრუაშვილი
მაჭარაძე
კორაევი
შიხაშვილი
ჩიჩუა
ბარჯაძე
თოდაშვილი
ჩიტიძე
კუდუხაშვილი
პარწიკანაშვილი
კარიაული
ბლექი
ფანგანი
ლაზარიშვილი
კბილაშვილი
შავდათუაშვილი
ბაზიერაშვილი
ქველიაშვილი
ლაზვიაშვილი
სადილიანი
თხილაიშვილი
ზედელაშვილი
მაკარიძე
ბაბუაძე
შატაკიშვილი
ბიჭაშვილი
ქავთარიშვილი
ბუაჩიძე
ანდიაშვილი
კუტიბაშვილი
ხუხუა
საცერაძე
ესიავა
აზირაშვილი
კორტავა
ჩარკვიანი
მონასელიძე
ნარინდოშვილი
მიშელაშვილი
ხანთაძე
გუგუნავა
ქილიფთარი
გოჩელაშვილი
ქარუხნიშვილი
აბრამიძე
ქონიაშვილი
ყანჩელი
ესაიაშვილი
ჯანგველაძე
ღარიშვილი
თარზიან
ფაფაკერაშვილი
მარჯანიძე
საფარიანი
ხეცაძე
ასკეროვი
მარტინენკო
ოდიშარია
გულაშვილი
ხუტიძე
კვეზერელი
ბაშარული
ჯაბანიშვილი
კაკუბავა
იჩქიტიძე
თვარაძე
ბაზღაძე
მამათელაშვილი
მუღალაშვილი
ბუჩაშვილი
ბუღაძე
სალია
გოშაძე
ვენჯელაშვილი
თუთისანი
კოტრიკაძე
იზორია
ხვედელიანი
ჯაბუშანური
ბრაჭული
მძელური
გობაძე
მგელიაშვილი
მუმლაური
ტუღუში
ჯინჯოლავა
დოთიაშვილი
ჯაბნიაშვილი
სვიმონიშვილი
ხარხელაური
მალანია
ჩავლეშვილი
სტეფნიაშვილი
გიგიბერია
ძებისაშვილი
რჩეულიშვილი
ომანაშვილი
დვალაშვილი
დუიშვილი
აქუბარდია
ანდრიაძე
ალაგარდაშვილი
კუთხაშვილი
შალვაშვილი
პაპოშვილი
სურგულაძე
ზაქარეიშვილი
ფეზუაშვილი
ჯებაშვილი
მახნიაშვილი
ჩეკურიშვილი
ბაქიროვა
კირჩხელი
ელიაძე
ტიკაძე
ბუიძე
მარაქველიძე
ფეტვიაშვილი
ექვთიმიშვილი
ფერცულიანი
დათვიაშვილი
იმანოვა
ბორაშვილი
მილორავა
ჭაჭუა
დათიაშვილი
გეგუჩაძე
ფოცხორაია
ძაძუა
ქაფიაშვილი
ზაალიშვილი
სამნაშვილი
კენჭაძე
გიორბელიძე
ნებაძე
მეყანწიშვილი
არბოლიშვილი
ტოროშელიძე
ყვავილაშვილი
ქარელი
ივანიშვილი
ადამაშვილი
შუშტაკაშვილი
ოდიაშვილი
ქუჩულორია
კვაღნიძე
წითლიძე
ზეინალოვი
მარცვალაძე
ყარყარაშვილი
აღაჯანაშვილი
აივაზოვი
მენაბდიშვილი
კეთილაძე
ფცქიალაძე
კარტოზია
იველაშვილი
ფარულავა
თომაშვილი
ჯიმშიტაშვილი
ჯიჯავაძე
სულთანიშვილი
დოღონაძე
ალელიშვილი
ქოიავა
ალასანია
ესვანჯია
მირზოევი
იბრაგიმოვა
საათაშვილი
კვანჭიანი
გენგაშვილი
თოდაძე
მუქერია
გულვერდაშვილი
მურადაშვილი
ჯოჯიშვილი
ჭკუასელი
ვარამაშვილი
ნათობიძე
გალანდაროვა
ხოშტარია
ბასილაია
ბუთბაია
სამსონია
კახიშვილი
ტოკლიკიშვილი
თოთლაძე
ყორღანაშვილი
ბასლანძე
ჯაპავა
მალიაძე
მარტაშვილი
ჭამპურიძე
ქიტესაშვილი
ბუქური
მახარეიშვილი
სარგატიანი
მარი
გოგიბერიშვილი
დედალამაზიშვილი
ტეხოვა
ხუბაშვილი
ათანელიშვილი
მარკოსიან
ჭაჭიაშვილი
იოსებაშვილი
ბუტიკაშვილი
ალადოშვილი
დათუნიშვილი
ნაბიჯაშვილი
გრაკლელი
ფხოველიშვილი
ოქრომჭედლიძე
გაგაძე
კვირკვია
გორელაშვილი
გოგოშვილი
შარუბანაშვილი
ათოიანი
უკანწყაროელი
ქვილითაია
ჯიხვაძე
ბუსქანძე
სიამაშვილი
ხუხუნი
ჭარხალაშვილი
მატკავა
არაჩაშვილი
ზალიკაშვილი
ბოლოკაძე
ყუშიტაშვილი
დათუნაიშვილი
პარსალიშვილი
ბაისონაშვილი
ესაიანი
ხალიანი
ქუმსიშვილი
ჩახავა
შამრელაშვილი
გოჯაევა
ნესუაშვილი
ცუპპა
საიგანოვი
ნანიტაშვილი
არსენიშვილი
ბაღათური
არტენიან
კეიდია
ხიდეშელი
ხანდურიშვილი
გასიშვილი
ბაკარანძე
თედოზაშვილი
მერაბიანი
პოპოვი
ჟიჟბაია
იოანიდი
ხოლუაშვილი
შემოსავალი
ქოჩალიევი
ბალიოზიანი
მამიტაშვილი
ბატონისაშვილი
მთვარაძე
ჩოჩელი
ჰასანოვა
კვინტრაძე
ნუროშვილი
კოტაშვილი
ფირაზოვი
ხარანაული
მაიოროვი
ნიკოლიშვილი
გორგოშიძე
არჯევნიშვილი
ღარიბაძე
ფიდუაშვილი
ჩულაშვილი
ციცვიძე
გუგუტიშვილი
დუკაშვილი
აბულიძე
გოგშელიძე
ბიქოშვილი
დავიდიანი
ბაბუციძე
ატაშვილი
ტაველიძე
მანველიძე
ამაღლობელი
დაქუზაშვილი
კვიტია
ელჩუევი
არდია
ყანდარელი
კაკუტაშვილი
სალახლი
ორუჯევა
სანოგო
ღორაშვილი
კოჭლოშვილი
შარაშანიძე
გუჯიაშვილი
ინალიშვილი
მაისაძე
მალხასიანი
პეტროსიანი
მატინოვი
დადალაური
არონია
მარხულია
ჯანჯიბუხაშვილი
ნარტყოშვილი
ჯიდალიშვილი
ჩხობაძე
ბითარაშვილი
ფუხაშვილი
მუხრანელი
მარკოსიანი
ყავლაშვილი
დესპოტაშვილი
ბუკოვსკაია-პატარავა
ჩაფიჩაძე
ცხადაია
ბადუაშვილი
ნანობაშვილი
კანთელაშვილი
პარასკევაშვილი
წითელაური
კოტიაშვილი
ბეთლემიძე
მათიკოშვილი
დადეშქელიანი
დემურია
ქიმაძე
ვახანია
ჭაბუკაშვილი
კახელიშვილი
სოხაშვილი
ნაკვეთაური
სამქანაშვილი
გარაევა
გოგოლაშვილი
თხლაშიძე
ტარუაშვილი
ლაშქარაძე
თოგოშვილი
აბურჯანია
შრაიერი
ლობოცკაია
ოღიაშვილი
პირტახია
კახელაძე
თაბუნიძე
ფარცხალაძე
ადოლაშვილი
ლაბარტყავა
ვეშაგური
გოგილაძე
დოფიძე
კურილენკო
ფირცხელანი
კორშია
ივანიაშვილი
კონსტანტინიდი
ქარქაშიძე
ლაწუნაშვილი
დაუშვილი
ყავრელიშვილი
ცალუღელაშვილი
ქესაური
კუპრიაშვილი
მეგრელაძე
სამელია
კავსაძე
ჯამატაშვილი
ბაირამაშვილი
იაქაშვილი
ციხესაშვილი
ზინდრიშვილი
კოკოლაშვილი
მარწყვიშვილი
რობიტაშვილი
ადამაძე
წინწკალაძე
ხალათაშვილი
ზირაქაძე
ფლიონაშვილი
ჟიჟილაშვილი
ქეცბაია
გუგესაშვილი
კონცელიძე
წიგნაძე
დაგარგულია
ფოჩიანი
ფხიკლეშვილი
ბერძული
ასტამაძე
ჩიქავა
ლაფერიშვილი
სალახოვი
ფაჩოშვილი
ფარეშიშვილი
ჯინიყაშვილი
ჭყონიძე
მწყერაძე
გულიტაშვილი
ჯაველიძე
კუჭოშვილი
კირტავა
სულთანოვ
დაღუნდარიძე
ბაკურია
შაუმიან
პაქსაშვილი
ქუხილავა
ზიადალიევი
კუჭუხიძე
კალოშვილი
ხითაროვი
თეზიაშვილი
ჩოჩიშვილი
გოგბაიძე
ლოლუა
ჭუჭულაშვილი
სოგომონიანი
ჯუსტიშვილი
თარგამაძე
მაჩაბლიშვილი
სააკიანი
ტარიელაძე
სუდაძე
შერგელაშვილი
რამინაშვილი
კახობერაშვილი
ლომიაშვილი
ქუშანაშვილი
დინგაშვილი
ჯანიბეგაშვილი
კირაკოსოვი
კოროლევა
ბათუაშვილი
ბიწკინაშვილი
კვეკვესქირი
გოგლიძე
ასილაშვილი
ბზიშვილი
ბაბაშვილი
ქუმარატაშვილი
ბერძენაძე
მარშანიშვილი
გიუაშვილი
ფასუაშვილი
ისგანდაროვა
სირბილაშვილი
შიოლაშვილი
ტურძილაძე
ლომაშვილი
კუდიანაშვილი
ოშხერელი
მინდორაშვილი
ცირგაია
ბოლოთაევი
ბეთიაშვილი
მოცრაძე
ჩიტია
ჯინჭარაშვილი
გეგელია
დუგლაძე
ეგეტაშვილი
უნდილაშვილი
ნადოევი
გაბრაშვილი
იმედაძე
დარბაისელი
ლაშხი
ეზიეშვილი
ალხაზაშვილი
გაგიშვილი
ბუსხრიკიძე
მანთაშაშვილი
ფოთოლაშვილი
მერკულაძე
კოჩალიძე
ტაბლიაშვილი
მუსხელიშვილი
ნონეშვილი
მირანგი
ხოხიაშვილი
მეურმიშვილი
გაბეჩავა
სანამიანი
სალაყაია
ახუნდოვი
ჩიტიანი
მატარაძე
აჯალოვა
პეშკოვი
ქობესაშვილი
ხოხონიშვილი
ფაჟავა
ფერიაშვილი
ფანოზიშვილი
ბაბაქიშიევა
მილაშვილი
გაბუჩია
გეგენავა
გვიანიშვილი
ლოთიშვილი
ავაქიშვილი
ცინცაბაძე
კაკავა
ამბროლიძე
ბეგიჯანაშვილი
გონცაძე
გეგია
ვარადაშვილი
გუჩმაზაშვილი
მანიჟაშვილი
ჯგუშია
ხეტაშვილი
მირზიკაშვილი
ფარნაოზიშვილი
კოდელაშვილი
ანდრონიკაშვილი
ელყანიშვილი
ბანეთიშვილი
მაჩაიძე
სუმბათაშვილი
ყანჩელაშვილი
ფაფიაშვილი
პერტია
ვალაშვილი
მექოშვილი
ხიპაშვილი
ობლიშვილი
ზერაგია
აზნიაშვილი
ჯაჭვლიანი
ტიკარაძე
ბაიდარაშვილი
ბადირეიშვილი
თავშავაძე
კოკოლიშვილი
ხვისტანი
ხელისუფალი
ბროლიძე
გოგნაძე
ბარაზნა
ბაგრატია
კარაპეტიან
გურესაშვილი
ყულიჯანიშვილი
ბერიკაული
ჭოტაშვილი
გამზარდია
გორგიძე
ქიმოსტელი
ხვარეშია
ბიბილური
კავლელაშვილი
ქურციკაშვილი
კარგარეთელი
ბერძნიშვილი
კიტია
გორგიაშვილი
ქოჩუა
აგაქიშიევა
მსუქნიშვილი
ფაშალიშვილი
თაქთაქიშვილი
დავლაშერიძე
ყოლბაია
ელკანიშვილი
ქოსაშვილი
ყანდორელაშვილი
უნაფქოშვილი
აზნაურაშვილი
ჯეჯეია
ხაჩიშვილი
ნადირიძე
გულიზაროვი
ძაბახიძე
გობრონიძე
აბჟანდაძე
ჩემია
ნოსელიძე
ალვანჯიან
იოსიფოვი
ცარელაშვილი
ფაროიანი
ნონიაშვილი
ბზიკაძე
კიზირია
ხარაძე
კვანტრიშვილი
აბაზაძე
ქოქოევი
ჯამაკაშვილი
ქსოვრელი
ყარაულაშვილი
ზავადსკაია
კასარელი
მერეკლიშვილი
მოხევიშვილი
გონგაძე
ყველიაშვილი
სახიაშვილი
ხოჭავა
თათეიშვილი
მომცელიძე
მახაური
აშაძე
ჯინიაშვილი
გარაჯაევა
კოვზაძე
ყიყინაშვილი
დიმიტრაძე
მარქაროვი
ბედინეიშვილი
ცირდავა
ცოცელაშვილი
გიბიშვილი
პაიკიძე
ღაჟონია
კავილაძე
გულმაგარაშვილი
მალუგინი
ივანელაშვილი
ნაპირელი
თაყაიშვილი
კოვზირიძე
მადუაშვილი
ფაშკურიძე
ბადრიაშვილი
მანველიან
კირაკოზაშვილი
სარსევანიძე
კანტროშვილი
ზედგენიძე
გურეგიან
არჯენიშვილი
კულიჯანოვი
ყულაშვილი
ბერეკაშვილი
ლიჩელი
თურქიაშვილი
საღერაშვილი
გელუტაშვილი
რუსიშვილი
ასლანიდი
გელოვნიშვილი
ილაური
რუსთამოვა
ჩაღმაველი
ბოკერია
წითაშვილი
სინეგუბოვი
გურგულიანი
სარქისოვი
შინდელიშვილი
ჩემინავა
ხუბიაშვილი
ზვერიაშვილი
ბაირაკდაროვი
ქუმელაშვილი
შენგელიძე
ზანაძე
ხატისაშვილი
დავითიან-გეგია
ვახტანგიშვილი
გაწირიძე
მახარიაშვილი
მახარამოვი
შავეშოვი
დარჩაშვილი
მშვენიერაძე
ჩაჩაურაშვილი
ავაგუმაშვილი
ბუხრაძე
მებუკე
საღრიჩაშვილი
არაჩემია
ბეუქლიშვილი
კალნიცკაია
ჩოკორაია
ჩობანოვა
ვარდუკაძე
ბაჟუნაიშვილი
კვიცაძე
ქარცხია
გოგვაძე
ცირიკაშვილი
სულეიმანოვი
ხურციკიძე
ცეკვავა
დევანოზიშვილი
ბათნიძე
ჟამერაშვილი
ჯინჯიხაძე
ჯალალიშვილი
პაატაშვილი
ჯვარშეიშვილი
მალხასიან
ომაროვი
ლათიფაშვილი
ბასილაური
ბართაია
იოლჩიევი
აღამიროვა
შაბალაიძე
სალთხუციშვილი
ჩიხაშვილი
თორთლაძე
ღავილაშვილი
არგუნაშვილი
ხორხომელიძე
გიჯაშვილი
სტეფანია
მეცხოვრიშვილი
გურჯიშვილი
გელანტია
მესროპიანი
მოსემღვდლიშვილი
ქოქონაშვილი
ფარზალიევა
ხოსროვიან
ფერიშვილი
თაგვიაშვილი
ამირგულაშვილი
ალმაზოვი
ბზარაშვილი
კალომლეწავი
ომიანიძე
ხომიზური
შარიფაშვილი
მალი
ლამაზოშვილი
ნარიკაშვილი
გულიშვილი
ქურცაძე
მამარიან
ნალჩევანიძე
მალიუგინი
ბათირაშვილი
ცქვიტარია
დემურაძე
კეკიეშვილი
ფაკაური
გრიქულოვი
ჯუღელი
ცხვარიაშვილი
საგინაშვილი
კალაიჯიშვილი
ბრელიძე
ნემანიშვილი
ქულუსაშვილი
გედევანიშვილი
ხოსმაზარაშვილი
ლაღაძე
გაბიევი
გაგოშვილი
ალიმოვი
ნანიაშვილი
წინწალაშვილი
ქათამაშვილი
ვაზაგოვი
მურადოვ
ნაროზაშვილი
ქადაგიძე
ღურჯია
აღდგომელაშვილი
ბლადაძე
ღუნაშვილი
აბაიაძე
თიკანაძე
წაწალაშვილი
მკალავიშვილი
წირღვავა
მაჭარიძე
გლუნჩაძე
ოკინაშვილი
მელანაშვილი
მარანელი
ჯაკობია
ბადურაძე
ლომინაშვილი
ოქროჯანაშვილი
გიგლემიანი
ვარდია
გრიგალავა
ბენდიანიშვილი
კორღალიძე
ნერსესოვა
კალავიშვილი
თედეშვილი
სვიანაშვილი
ხეჩაშვილი
კალმახელიძე
ძაბირაძე
ალაშვილი
ქსოვრელაშვილი
გახოკია
მჩითავიშვილი
გოძიაშვილი
წომიკურიძე
ხუბერაშვილი
ჩიტაიშვილი
ჩირიკაშვილი
გვიჩიანი
ამირხანაშვილი
კიკრიაშვილი
კაზარიან
ჩხიკვიშვილი
ყულეჯიშვილი
ასპინძელაშვილი
ივანაძე
აჩუაშვილი
აბესლამიძე
ცაგარეიშვილი
გენძეხაძე
მაკალათია
ჩაფურიშვილი
მარტიკოვი
სპირლიევა
გვაგვალია
თავდგირიძე
წულაძე
ჩიგოგა
ცუკოშვილი
ოვანესიანი
ლომაძე
არჯანია
მუსაევა
მეშველიანი
ნიაზაშვილი
ბუდაგოვი
რევიშვილი
ბიგანაშვილი
ხარაზი
საბაური
გეორქოვა
ამბროლაძე
ბოლაშვილი
ემხვარი
ბიბილეიშვილი
ნაიბოვი
გაჯიევი
ანანიაშვილი
მანჯიკაშვილი
ქონდარიძე
ხუნწელია
ბუიშვილი
თხელია
გაზაშვილი
ეგრისელაშვილი
მეხუზლა
გალოგრე
გუნთაიშვილი
ხაბარაშვილი
მელქუაშვილი
გურგენაშვილი
ბროლაძე
ქაჯაია
მატიაშვილი
ტერენტიევი
ქამადაძე
ლომისაშვილი
ხუჯაძე
ნატრაძე
იუსიფოვი
ზოზიროვი
ოქროშიაშვილი
ბელეშაძე
უგულავა
ხაბელაშვილი
გაბულოვა
ფარსადანაშვილი
მანქანაშვილი
შალიკიანი
უსუფაშვილი
ნარიაშვილი
თევზაია
ეფენდიევი
კიკალია
უსუბიანი
ჯაღიაშვილი
გურასპაშვილი
კავთიაშვილი
ბადურაშვილი
გალდავაძე
ლოდია
ესართია
კოლხიდაშვილი
დონდუაშვილი
ხასმამედოვა
საპანაძე
კაზალიკაშვილი
საღარეიშვილი
ტაბახმელაშვილი
ამბარცუმიანი
ახმეტელი
მარუქაშვილი
ალეკპეროვი
დესაძე
გოქსაძე
ინაური
ასანოღლი
აბუსერიძე
თათულაშვილი
ხარიტონაშვილი
თორღვაიძე
მძინარიშვილი
მალიძე
მალაშევსკი-ჯაყელი
იაილიანი
კაჭახმაძე
ცაიშვილი
ვაჩაძე
იანვარაშვილი
ცხვიტავა
ბუბუნაშვილი
მეიშვილი
გიგილოშვილი
გუთიკაშვილი
გახელაძე
ჩხენკელი
ყირიმელი
საყვარელაშვილი
ხინტკირია
მეუნარგია
ხინთიბიძე
გასპაროვი
ჩალხაშვილი
აბდულაევა
ცაცანაშვილი
ვარვარიძე
ქადიძე
ზღუდაძე
ხოტენაშვილი
კორძაძე
ზოდელავა
აწკარუნაშვილი
ნიაური
სხიერელი
გოჩაძე
გუკასოვა
ქასოევი
ქოქუაშვილი
ბეიტრიშვილი
ეგიაზაროვი
ტოხიშვილი
ხუნძაყიშვილი
ქონგულოვა
ნორსოიან
დობაძიშვილი
ბაბაევ
ყატაშვილი
კოტია
გაიბოვი
ბაღიაური
გოშუა
ქაჩიბაია
სეთურიძე
ჯანჯანიძე
ჭიჭილეიშვილი
ფროდეული
ბაზაძე
ორტოლაშვილი
სანტურიანი
გიქოშვილი
დოლბაია
ამირხანიან
ჭიღიტაშვილი
გონჯილაშვილი
გორჯელაძე
ხადური
ორთოიძე
მაზაშვილი
სესკურია
დარგალი
ცხაოშვილი
ვეზდენი
დარისპანაშვილი
მალაღურაძე
ბალაევი
შავერდოვი
აბაშიშვილი
ფიჩხაია
მაჯიდოვი
ხაზალაშვილი
ისკიანდაროვა
ბიტიაშვილი
მოვსესიანი
რცხილაძე
ბაქანიძე
აფხაზიშვილი
ჩალახეშაშვილი
ლუხოშვილი
კუზანაშვილი
ნაზარიან
წიწავა
კოზირევი
გაბიცინაშვილი
ბენიძე
ოკმელაშვილი
ერემაშვილი
არობელიძე
ჩუგუნაძე
საფარიძე
მამრიკიშვილი
ფილაშვილი
იჭირაული
დიდია
ლაზარეთიანი
ქიტუაშვილი
მაკარაშვილი
გლოველი
სალაღაია
კულალაღაშვილი
თენეიშვილი
ერქომაიშვილი
კონტრიძე
კეკოშვილი
კინტირაია
ზოზირაშვილი
ქარჩაიძე
ელიოზიშვილი
ბოტკოველი
თილიძე
პაპელიშვილი
ქარაზანაშვილი
აქულაშვილი
ღირსიაშვილი
კუჭუაშვილი
უთმელიძე
ბანძავა
ქორდელი
როჭიკაშვილი
ჩითინაშვილი
ლაჭყეპიანი
გრიშკაშვილი
ხეჩუაშვილი
ბარისოვი
შოშაშვილი
აბაიშვილი
კედელაშვილი
კახიანი
გიორგაია
გაბეშია
ჭიჭიკოშვილი
ხაჩატურიანი
გედამინსკი
მერლანი
ფაციაშვილი
სორდია
დილანიანი
კახუაშვილი
რუსიტაშვილი
ბუზარიაშვილი
შავდია
ჩიტალაძე
ჯვარიძე
წილოსანი
ქორქაძე
უშარაული
სამუკაშვილი
ჩიკვატია
სადიკოვა
ნაქევხრიშვილი
ველთაური
ლეიაშვილი
უთალიშვილი
ჩაბაიძე
ლაღუნდარიძე
ჯანანაშვილი
ბაკიძე
სომხიშვილი
ტუსიშვილი
ბიტკაში
ალავერდოვი
მალასიძე
მირაქიშვილი
არზუმანიდუ
ბადრიშვილი
მიქატაძე
მანთიძე
ტეხური
ჭოხნელიძე
თედელური
გამახარია
გელეიშვილი
პერტენავა
ეფიმოვსკი
სტეფანიანი
ბობილევი
მათითაიშვილი
ჩიტოშვილი
ბიზიკაშვილი
ჯიჯეიშვილი
ქვაჭრელიშვილი
კავკასიძე
ჭარაქაშვილი
ზაგაშვილი
შახდინარიანი
კოღუა
შავთელი
წეროძე
ბუთურიშვილი
პარფენოვი
შარაძენიძე
ჭრელაშვილი
ბოიკო
უგუზაშვილი
ყურმაშვილი
პონომარიოვი
ხასაია
ცაბუტაშვილი
როსტოევი
მოგელაძე
გეწაძე
ფირალიშვილი
ხამაშურიძე
სივსივა
პატარავა
შერეშაშვილი
კულატამიშვილი
უმიკაშვილი
სულუხია
ქუტაშვილი
ჯიოშვილი
ებილაშვილი
თაღიაშვილი
ჭიჭიკაშვილი
პონომარენკო
გაბოშვილი
ბესელია
ჯინაშვილი
მესირიძე
ბირჩაძე
ალუღიშვილი
გოშხეთელიანი
საური
ყაზიშვილი
ჯანაძე
ქემოკლიძე
შერაზადიშვილი
ჩაჩიბაია
შაგულაშვილი
კოჟორიძე
ორუჯოვი
გუმბატოვა
ჭრიკიშვილი
ელგენდაშვილი
ქოჩლაძე
საგანელიძე
თორაძე
შალიბაშვილი
ყორჩიშვილი
ჩანტლაძე
სანაყოშვილი
გამხიტაშვილი
ახალაური
ავაკიან
შახნაზაროვი
უჩანეიშვილი
ბიგანიშვილი
პარკაია
კიწმარიშვილი
ნაცვალაიძე
ქვეითაია
ბაზიარი
ეგნატაშვილი
კულულაშვილი
გურბანოვა
ლუხუტაშვილი
დოლიკაშვილი
გულბიანი
აგაჯანოვა
ადიგოზალოვა
მიჩილაშვილი
ჩითავიშვილი
ჩაბაკაური
რიჟვაძე
ექსოულიძე
ქუბრიაშვილი
ზონლაითნერი-ჯაფარიძე
გავრილენკო
გორდულაძე
არსანიძე
ემინაგაროვი
არამიან
გიგნიაშვილი
სანდოძე
წეველიძე
აშხატოიან
კიტეიშვილი
ბეზარაშვილი
მიქოიანი
ობგაძე
ქევანაშვილი
სხვიტარიძე
გრიგოლავა
წიქარაძე
გალუსტაშვილი
ზალიევი
იორდანაშვილი
აფხაზაშვილი
აბბასოვა
ლაკლაკიშვილი
სახამბერიძე
აბრამიდი
გუგუციძე
ასლანოვა
ლათიბაშვილი
დარბინიანი
გიულმამედოვი
დუშდუროვი
მეიფარიანი
მაშავა
სიმონგულაშვილი
ხაშმელაშვილი
ჩახვაძე
აკოპიან
შალუტაშვილი
აბრამაძე
უთურაშვილი
ხურსაძე
ლოქაბიძე
ხელოიშვილი
მაცაკ
მაქაცარია
მირაზანაშვილი
ქელეხსაევი
ხუბაევა
შუშანაშვილი
ლაევი
წიქორაძე
ათანელოვა
ზიმინა
გამბაროვი
ლაკია
ასაკაშვილი
ომარაშვილი
ნაცაური
ღვინაშვილი
გოგიჯაშვილი
არძენაძე
ბულაური
გახრამანოვა
წოწორია
უმფრიანი
ფროდიაშვილი
ყუბუსიძე
ვაშალომიძე
ზურებიანი
ფირიევი
მახაჭაშვილი
კვიტატიანი
ჭუნიაშვილი
ბალუაშვილი
ძულიაშვილი
გასანალიევი
ფარადაშვილი
კეჩხუაშვილი
ხრიკაძე
ზურაბაული
ცუკილაშვილი
პაპიკოვი
ზარასპაშვილი
კოდიაშვილი
ბუბუტეიშვილი
ჯოგლიძე
აბრალავა
სარია
ჩონიაძე
რთველაძე
ყავალაშვილი
ბაბელაშვილი
აიწურაძე
ძაძიევი
ჯუგაშვილი
ხუროძე
ბაუჟაძე
სვინტრაძე
კვალიაშვილი
გოჩოლეიშვილი
კისისხელაშვილი
კვერხელიძე
აგამედოვ
აღაპიშვილი
ტალიაშვილი
ორთავიძე
კარანაია
ცხოიძე
მამისიმედაშვილი
კაჭკაჭიშვილი
ქაცარავა
დინუაშვილი
ჯიქურაშვილი
მელია
სააკაშვილი
კოკუაშვილი
ბაბუხადია
კაკოჩაშვილი
იანუგოვი
ტატუაშვილი
ძაბუნიძე
ჯანუაშვილი
გორგიშვილი
ხახვა
ყაჭეიშვილი
მასხარაშვილი
ღოღაძე
აგაშენაშვილი
ბაბალაშვილი
ფანცხავა
კლეინ
ნოვიცკაია
დონგუზაშვილი
დოლინსკი
ოდიშერაშვილი
გაბულდანი
თარალაშვილი
მიშელაძე
ოქონაშვილი
თოდრია
ოძიშვილი
ჩილაჩავა
გვარაძე
ქლიბაძე
ფარეულიძე
ოძელი
ჭაღოშვილი
ცავა
ხანიშვილი
ბაჩილავა
სისოშვილი
ივანოვი
შალიკაშვილი
ოზგებიშვილი
ანჩაბაძე
მეტივიშვილი
მატინიანი
სიკიაშვილი
ჩიბირაშვილი
ჩიმაკაძე
კეპულაძე
მოსიკაშვილი
ჩუგოშვილი
ჩიღოშვილი
ევსია
მუჯირიშვილი
აბაზოვი
შაბანოვ
დუდაევი
კოზმანიძე
ქუფარაშვილი
სლოიანი
ქაძანაია
ფართლაძე
მამულია
ხუხუნაიშვილი
ყიყიშვილი
დავთიანი
ნათიძე
ჰანესიანი
ნიკუჭაძე
გელაზონია
ჩიბურიძე
გრატიაშვილი
წენგუაშვილი
გელდიაშვილი
წოწკოლაური
კეჭაყმაძე
ფუთურიძე
ქურხული
მეხრიშვილი
ყარანაშვილი
ლომოური
ნურმამედოვა
ორდენიძე
მანასიან
ბულაშვილი
ბაბაკიშვილი
ალიაშვილი
გარლაჩ
ზაზიაშვილი
კოტეტიშვილი
კასრელიშვილი
სამედოვა
დადაევი
ხაჟალია
ზულფიგაროვა
სააკაძე
გოგოლი
გუნიავა
მეიხანიმოვა
შერგილაშვილი
ქინქლაძე
ჭეჟია
ცხვედიაშვილი
ლაბარი
კურტანიდის
წირქვაძე
ცხორაგაული
მარიხოშვილი
ბერაშვილი
ჩოლოყაშვილი
ხევსურიშვილი
სიბაშვილი
რაქვიაშვილი
ჟამიერაშვილი
რუსტამოვა
ღვინჯილია
მამულაიძე
ჩოვდაროვა
ათუაშვილი
სურმალიანი
ჭიქაბერიძე
ლოლაშვილი
ჩხოლარია
შავშიშვილი
ყარალაშვილი
შენგელაია
კორელი
გარდაფხაძე
გომართელი
გოლოძე
მამაგულაშვილი
ჩოჩია
შაუთიძე
ღირდალაძე
ცაგარელი
ამირჯანოვა
ამირიძე
წიკლაშვილი
მგოიანი
ზაქრაძე
ქაიხოსროშვილი
გელხვიიძე
შამანაძე
ცინცქალაძე
აბელაშვილი
მამუჩაშვილი
ზანგელოვი
ცხვარაძე
ზაგაიძე
მშველიძე
ვარდანიან
გურიანოვა
აივაზიშვილი
გედენიძე
ამისულაშვილი
თოდრაძე
კურატიშვილი
შოგირაძე
ხამედოვი
ქასრაული
ჭუმბაშვილი
მკრტიჩიან
კალხიტაშვილი
წიქრიძე
კაბულაშვილი
მუჯირი
პიტიურიშვილი
ჩხუტიაშვილი
ჭინჭარაშვილი
კურმაშვილი
ზაქროშვილი
გაბელაშვილი
პინაიშვილი
ტონოიანი
მამისეიშვილი
ბოყოველი
ჯანგიძე
ხანდამიშვილი
კეკელიძე
ამურველაშვილი
მირზოიანც
ფეოდოროვი
ცოციაშვილი
გირდა
სანამაშვილი
კობალავა
ჯანდიერი
ჩარჩიან
ვდოვიჩენკო
აივაზოვა
ქრისტესაშვილი
ხარაიძე
გეფერიძე
ფაშაევი
ცხვიტარია
ოხანაშვილი
მეზურნიშვილი
ნიკურაძე
მუსაშვილი
აბდალაძე
ტუხაშვილი
ეგიანი
ხელიძე
ბურდიაშვილი
სიმსივე
ზალიაშვილი
ქასრაშვილი
კეჟერაშვილი
ფასიეშვილი
ოზგელდოვი
მრევლიშვილი
მეჟეტუხა
ბაწაშვილი
ჭუბაბრია
სიმონიძე
ხოტივარი
ტიელიძე
ქემერტელიძე
ჩიხელიძე
ნაწიფაშვილი
ეჯიბია
იანტბელიძე
გერსამია
ხათაშვილი
ჯიბუტი
კორტანელი
ირიციან
ბებურიშვილი
ნერსესოვი
ხეთაგური
გოგოჩაშვილი
გამტკიცულაშვილი
დავითიძე
თორდია
მელქონიანი
კულუა
მუხიგულაშვილი
გვახარია
გოთაძე
კანტიძე
დავითლიძე
კვესიეიშვილი
ხარხელი
ოკუჯავა
კარიჭაშვილი
ნაყოფია
იამანიძე
ხარძეიშვილი
აკოჯიან
მეხატიშვილი
ბაღდასაროვი
გერმისაშვილი
ნებულიშვილი
ნერაბელოვი
აბალოიძე
თავზარაშვილი
სვინტიძე
ბერეჩიკიძე
ბეკარიშვილი
შილდელაშვილი
თეოდორიდუ
ტიბუა
მემარნიშვილი
გრიგორიან
რურუა
სუარიძე
ჭიოკაძე
გერმანოზაშვილი
შაშვიაშვილი
თეიმურაზოვი
გეგელაშვილი
გაგნიაშვილი
არსიაშვილი
ტოლიაშვილი
ბაჩალიაშვილი
ლაზგიევა
სალამაძე
ბურკაძე
ჯიჯიშვილი
მარღანია
კაჩუხაშვილი
ხაბურძანია
კუნჭულია
წყარუაშვილი
კავთუაშვილი
გურაბანიძე
ანჯაფარიძე
ციქურიშვილი
კვარიანთაშვილი
თხინვალელი
კიღურაძე
გოდაბრელიძე
ფირცხალია
უსტინოვა
კუხალაშვილი
შაბანოვა
შიომღვდლიშვილი
გუშკაშვილი
კალმახიძე
ყველაიძე
ხიხალაშვილი
ფანიაშვილი
უშიკიშვილი
დაუდიშვილი
ქალაქურაშვილი
მსტოიანი
ჯიაძე
ჯერანაშვილი
ამაშუკელი
გენელიძე
ფეტელავა
თვალაძე
ედელიშვილი
ხლუსიძე
არუშანიან
ტატალაშვილი
ჩომახაშვილი
ალექსაია
კარბელაშვილი
ღვანიძე
ესებუა
ჩხატარაშვილი
ჯორბენაძე
მიქანაძე
მეძველია
თიბილაშვილი
ბზიავა
სადრაძე
სუმბაძე
კვირკვაშვილი
ზუხუბაია
შაქარიშვილი
კრნჩოიანი
მამუკელაშვილი
ალიხანაშვილი
საღირაშვილი
ესიტაშვილი
თებიძე
ზიმენს
მესროფოვი
ტიტალი
აფანდიევი
ყაზაზიშვილი
ბოღლოციშვილი
სილაქაძე
ბერსელაძე
უსტიაშვილი
ლილაური
ალბუთაშვილი
თორია
ლაზიშვილი
ლაღიაშვილი
უბილავა
კორბესაშვილი
სამთელაძე
დალივალოვი
კოლხიტაშვილი
გარშაულიშვილი
ყალაბეგაშვილი
თანდიაშვილი
ჩივაძე
დათებაშვილი
თაკაშვილი
ჟივიძე
გაგლოშვილი
ჯიმშიაშვილი
ხინიზოვი
ფოლადიშვილი
იორდანიშვილი
ჩარბაძე
ხაჟომია
წიქვაძე
თათრიაშვილი
გოდიშვილი
კოდალაშვილი
ოგანეზოვი
კვასხვაძე
აფრიამაშვილი
გარსენიშვილი
დოლენჯაშვილი
შარმაიძე
შოვნაძე
მამიშოვა
კანკავა
ჩიტავა
გაბრავა
სტრელჩენკო
მწარიაშვილი
ფირუზაშვილი
აგახანოვი
გავაკეთაშვილი
ქოჩიაშვილი
ნეკაშვილი
ოთანაძე
მეხტიევა
შარიფოვი
დიდიძე
ხეხელაშვილი
ამირაშვილი
საზანდრიშვილი
პირმისაშვილი
უჭალიშვილი
პარკაძე
ხახუტაშვილი
გაზაევი
ხისფეხიშვილი
ხახუბია
ზანქაიძე
შეღვიაშვილი
დელებაშვილი
აბეწვაშვილი
თიგიშვილი
ჯგერენაია
ინაშვილი
შავრეშიანი
ჩეფიჩაშვილი
ნეკერაშვილი
ასოიანი
ინჯგია
მილაძე
ამირაჯიბი
აპრესიანი
ითიურიძე
შარმაზანოვი
მიჭელაშვილი
ნაბახტეველი
მწელიშვილი
თოთრაშვილი
კვიტაიშვილი
შეყელაძე
ჩაბრაძე
ჭითაშვილი
თითბერიძე
ელიაური
ბაბლუმიანცი
ფანჯიკიძე
გოგიჩაძე
სკამკოჩაშვილი
ქევანიშვილი
თათანაშვილი
ძიძინაშვილი
ხაზალია
ისერგიშვილი
ბოსტაშვილი
ფაცია
გაბეხაძე
არაჰამია
შუბაშვილი
ზანთარია
ლიკლიკაძე
ჭანიძე
რიგიშვილი
თინაშვილი
სედნევა
ურგებაშვილი
ნეკრესელაშვილი
ხუფენია
სითათაშვილი
ჭურაძე
ცქიფურიშვილი
ტორუა
ზითანიშვილი
დიხამინჯია
კილანავა
სუბარი
ჩიტიაშვილი
წიფლაშვილი
მარიდაშვილი
სამაკაშვილი
ღვაჩლიანი
ბარაქაძე
ღოღობერიძე
ზუკაკიშვილი
ანფიმიადი
გორადალოვა
მამსირაშვილი
ბურსულაია
კანაშვილი
ნატმელაძე
ძამსაშვილი
გვაჯაია
ფოლოდაშვილი
იასაღაშვილი
ბურდულაძე
ფინდიშვილი
კურდღელია
ცოკილაური
ქოპილაშვილი
ვახტანგაძე
შერბაკოვი
აღდგომელაძე
ნარმანია
ფოდიაშვილი
გაგელაშვილი
ტატულაშვილი
ბახჩინიანცი
შაყელაძე
სააკოვა
კაკუბერი
სუარიშვილი
რესტაკიანი
მატახერია
გამყრელიძე
ცოგოშვილი
სანადირაძე
გულოშვილი
ცოგიაიძე
სამსონენკო
სონიშვილი
გუსარიშვილი
ქოზაშვილი
მისირელი
ხევიაშვილი
გარაევ
ალალიძე
ლალაზაშვილი
თხილიშვილი
ივეჩიანი
ზეიკიძე
ხაფავა
ჯიმუხაძე
ბიჭოშვილი
არაქელიანი
ბაზანაშვილი
გლურჯიძე
გნოლიძე
ცხადაბერიძე
ზასორინა
ჯამასპიშვილი
კილოსანიძე
ართილაყვა
ღორთლიშვილი
ტატაშიძე
ხაჩიაშვილი
გილაური
სოინოვი
მახარობლიძე
პაატიშვილი
ნატრიაშვილი
ოვსეპიანი
აგასიევი
ქაშიაშვილი
ახნაზაროვა
აზიზოვი
ტეტიაშვილი
მაკასარაშვილი
პალაგაშვილი
თაკვარელია
ამბარდნიშვილი
კლერტიაშვილი
ხალილოვი
აბეჩხრიშვილი
ბახია
ნოვრუზალოვი
ღუჭაშვილი
ანიაშვილი
ჯაბაური
კორძახია
ხაბალაშვილი
ისქანდაროვა
გეგეშიძე
თაყაძე
ყურშუბაძე
ქოჩ
ფირანაშვილი
ბუბაშვილი
დემინაშვილი
კვიწინაშვილი
წიქორიძე
მურცხვალაძე
მიქაცაძე
ბაბაევა
სიბოშვილი
გელბახიანი
დოლბანძე
ადკოზალოვა
ნიკაჭაძე
მურალაშვილი
ბობოხია
ჯომიდავა
მაკარაძე
კეპაშვილი
ხინიკაძე
არავიაშვილი
მირაშვილი
ზარავანდაშვილი
ბეჟიაშვილი
ავოიანი
ვიბლიანი
ცხოვრებოვი
ვაწაძე
აკოფოვი
ჯღირაძე
ზავარაშვილი
სულთანოვა
ჭეღელიძე
გრემელაშვილი
მურღულია
ხადულაშვილი
ხუბულია
შიხიევა
ნეფარიშვილი
გაბრიელიანი
წიფურია
მურცხველაძე
გორგასლიძე
ბურჯალიანი
სარსანია
შეყრილაძე
იაძე
ჯიტავა
ნიქაცაძე
ასლანოვი
გამხუაშვილი
აბდულლაევ
თალიბოვი
მიკირტუმაშვილი
ჩელებაძე
იბიევი
ქვრივიშვილი
ჯიჯილავა
თაგვაძე
ღუბიანური
არტემენკო
კვირკაშვილი
გოდერძაული
გოგიბედაშვილი
ფახურიძე
ვაშაკაშვილი
ქარიმოვი
ხაჩირაშვილი
კანჭიაშვილი
ბილანიშვილი
სეთური
აბდელანი
კაზანჯიანი
დაჩიბერიძე
ნასუაშვილი
ბოჭორმელი
მახათელაშვილი
ცუცუნაშვილი
ავეტისიანი
ბაწილაშვილი
მინაძე
გონგლიაშვილი
ეგუტიძე
ტორაძე
ურეკაძე
ზუროშვილი
ბასაძიშვილი
ლაკირბაია
ბაღიაშვილი
კიტოვანი
ყუფარაძე
დავითინიძე
ბებურია
დვალაძე
კარახანოვი
თოდიძე
ბეგოიძე
ტომაშ
ნაზარაშვილი
კოკაშვილი
ხალიჩაშვილი
ბაღაკაშვილი
ფესვიანიძე
სარდალიშვილი
სამებელაშვილი
გარიბიანი
სოლომონია
ძანძავა
ბაგათელია
ტივაძე
სეთაშვილი
რუტკაუსკას
შაოშვილი
შევარდნაძე
განჯაევა
ბასოშვილი
ცაგურიშვილი
ნანიკაშვილი
კობლიაშვილი
ჩხაპელია
კურბანოვა
შერეზადაშვილი
ჯინორიძე
პაკაცოშვილი
გახუტიშვილი
ნიბლიაშვილი
აბასოვი
სანაკოევი
ხიზანეიშვილი
ქირიკაშვილი
გვიბირიძე
ალდამოვი
თასოშვილი
ფაიქრიძე
უზნაძე
გარაყანაშვილი
ბედენაშვილი
ქაზუმოვა
ასაბაშვილი
გრიგოლაია
გაბინაშვილი
კერძაია
ბაზოიანი
იკოშვილი
მათოშვილი
კაიკაციშვილი
აშიგოვა
ოქროაძე
ავქოფაშვილი
შემოზაშვილი
ფავლენიშვილი
სვინიკაშვილი
მოგელაშვილი
გოგრიაშვილი
ხანიკაევი
ლობიაძე
უსტარაშვილი
მესხიძე
ლაბუჩიძე
პატატიშვილი
ხუბაევი
ტაბუცაძე
კარამოვა
მთიბელაშვილი
ყაჭაშვილი
ჩიკორაშვილი
ძმანაშვილი
ნაროუშვილი
რუბაშვილი
კაკუშაძე
მელაძე-ჯაიანი
კოჭლაშვილი
ოვაშვილი
კულიევი
პლაჭიაშვილი
დავიდოვი
იკოევი
მდინარიძე
აღლემაშვილი
არუთინიანი
ბედელაძე
გუნდიშვილი
კურცხალია
პაქსაძე
მუხულიშვილი
ლაგაზაშვილი
მიქაელიან
სვარიძე
ფარჯიკია
მამუჭაძე
ნიკვაშვილი
ბიბინეიშვილი
ზამთარაძე
ფურცხვანიძე
ჩაგუნავა
იაილიან
ისკანდაროვა
მჭედლური
მსახურაძე
ოგანესიანი
სამუნაშვილი
იმნაძე
ბერანძე
ჩერქეზია
ტუტოვანი
ბოჩიკაშვილი
ადამოვი
ცეცაძე
ზუბიაშვილი
ბუჩხრიკიძე
ბუჟღულაშვილი
შიშნიაშვილი
ტულუხანოვი
მაჭუტაძე
ხელაია
წვერაიძე
მორჩაძე
მანძულაშვილი
აკობიძე
ბაიდაშვილი
ფასურიშვილი
გაძვერაშვილი
კავთელაძე
ქოქოშვილი
ჯაბადარი
ჯაბიძე
მამუკიანი
მახვილაძე
თავხელიძე
კარკაძე
შარაევა
საბანიძე
კაშეიშვილი
ხუმარიანი
ჩაგელიშვილი
მესტოიანი
ჩხვირკია
იჩუაიძე
სეფერთელაძე
პაპუნაიშვილი
ცაძიკიძე
ქურიძე
გველუკაშვილი
ჩუბინიშვილი
ბანდური
ბაგდასაროვი
კამკია
გოლოშვილი
ყიზილაშვილი
კრასნი
გოგლაძე
კვერენჩხილაძე
მარკოიძე
აკოფოვა
გულდამაშვილი
გაბიდაური
ჩახტაური
აზიზბეკოვი
თაგაური
ბიბილაძე
ყარასაშვილი
პაპასქირი
კაჯილაშვილი
მარქარიან
პეტრუზაშვილი
ბართია
უფლისაშვილი
ბოჟაძე
გამსახურდიშვილი
მიჩიტაშვილი
ქელბაქიანი
გოგიტაშვილი
ამირხანოვა
დოღანაძე
ოგანოვა
ქასოშვილი
გათენაშვილი
გეთაშვილი
ივანეიშვილი
ბათილაშვილი
კუაცაშვილი
ლანჩავა
ცანკაშვილი
ხუტკუბია
ფისაძე
ზუკატოვი
ჩილინგარაშვილი
ვართანოვი
ჩლაიძე
სურამელი
კვერეხაძე
მიშველიძე
ფუტურიძე
გამიდოვი
მისაკიან
ფერხული
ზადოიან
ვერძაძე
ვარდაშევი
ბელაშვილი
გეგიძე
აპოიანი
ფათრეკაშვილი
ციცაგი
მურღული
შაღაშვილი
ბრუნჯაძე
ბესტავაშვილი
თებლოშვილი
ნაროზაული
ახალშენაშვილი
ახმედოვ
ჯიგანია
ჩორგოლაშვილი
ჯანეზაშვილი
ლეგაშვილი
ბუჩუნტელი
თვალავაძე
ქანაშვილი
მითაგვარია
გურიელი
ბარამაშვილი
მესხელი
პურიჭამიაშვილი
მიკოლაიჩუკი
ბიჭიაშვილი
ჯიჯავა
ბაღდუაშვილი
გარიბოვი
ბებიაშვილი
ღვინეფაძე
ლევინეც
მელიქიანი
ვართასაშვილი
ხომიზურაშვილი
ხვთისავრიშვილი
მშვიდობაძე
ბერკაცაშვილი
მინჯორაია
ლოსაბერიძე
ჯახუა
ალავერდაშვილი
კოვზიაშვილი
მუხურაძე
ბოჯგუა
ტუსიაშვილი
ბურკვაშვილი
ბოლათაშვილი
ბერია
ოქიტაშვილი
ცილიკიშვილი
დაბახიშვილი
თუშურაშვილი
ელაშვილი
გომურაშვილი
გორელიშვილი
სულეიმანოვა
შარვაძე
ბაღდოშვილი
გიგიტაშვილი
გურინი
დილებაშვილი
ვატიტაძე
ხარაზია
ხარბეგაშვილი
ტიტვინიძე
ზამთარაშვილი
ხორგუანი
ამილახვარი
კვირაია
ხოსიკურიძე
ეჯოშვილი
კვესელაძე
ცხვირავაშვილი
გაიკარაშვილი
თეგერაშვილი
ბოხაშვილი
ფაცურია
ჭოხონელიძე
კომლაძე
მუსაევი
გაბოძე
შანთაძე
რუსაძე
ბოძაშვილი
ქარჩილაძე
ჯღამაია
ბაბიაშვილი
აშვეთია
დანიელოვი
მძინარაშვილი
კარაპეტოვი
ციკუტანია
მირზოევა
ჭეჭელაშვილი
ხახუტაიშვილი
გიქორაშვილი
კასუმოვა
მირზელაშვილი
ზუბალოვი
გვეტაძე
კეკენაძე
ბაჩიაშვილი
მარდანოვი
აბიათარი
ხუტიაშვილი
ბებურიძე
ბაბაჯანაშვილი
ეხვაია
ლითანიშვილი
ჯაღალაშვილი
ფარეხელაშვილი
შიხიაშვილი
ფრეწუაშვილი
თვალაშვილი
ინანეიშვილი
ჩაკაბერია
ჯომარდიძე
უღრელიძე
ანტიპოვა
შამილოვი
დურმიშიძე
წულიაშვილი
უთრუთაშვილი
გოგოშიძე
ჯანჯალია
თეთვაძე
ხუდოიანი
ფიროსმანიშვილი
ლაღიძე
ტლაშიძე
ზოსიაშვილი
ფარტენაძე
გარაშვილი
მალაციძე
დარძულიძე
პაპასქუა
ლაფაჩი
გულიევი
კოტოვი
შავლოხაშვილი
სონიძე
ბერიტაშვილი
კორსავა
ლაზარეშვილი
ვაჩნაძე
რუსეიშვილი
განბაროვი
ჭოტორლიშვილი
დარბაზოვ
შავგულიძე
ტუგულაშვილი
მარიხაშვილი
ზარიაშვილი
ჯაჭვაძე
მღებროვი
შიბდიროვი
მარგიშვილი
ხაბაზი
სოლომონიძე
როხვაძე
მიტიჩაშვილი
სარდალაშვილი
ნესოშვილი
გევორქიანი
ეჯიბაშვილი
როკაშვილი
ტოგონიძე
გარუჩავა
ფოცხვერია
ონიაშვილი
საზანიშვილი
ბჟინავა
მორბედაძე
მარიამიძე
მამუჩიშვილი
შინჯიკაშვილი
ლომსანიძე
კვესაძე
სერგეევი
შეყელაშვილი
კრიჭაშვილი
რაზმაზიშვილი
დადეგაშვილი
ჩოგაძე
შაველაშვილი
პოდოღლიან
მირზოიანი
ტანრივერდიევი
შილაკაძე
ბაქიროვი
სოყურაშვილი
დანელიანი
გიებაშვილი
ქვაცაბაია
ფოცხიშვილი
ძერია
ბედიევა
შეყლაშვილი
ლონგურაშვილი
ჯავახიძე
ყირიმლიშვილი
როინიშვილი
ბუხრაშვილი
ასანიშვილი
ქერაშვილი
მაზმანიდი
თაყნიაშვილი
ნოვრუზოვი
გამრეკელიძე
რივკინი
ჩიქვანაია
ოჩიაური
დომუხოვსკი
პოღოსიანი
დარზიევი
ჯავახაძე
ჩრდილელი
ჭითავა
კვერნაძე
აგულაშვილი
გამსახურდია
იანკოვსკი
ჰოვჰანესიან
ზუბადალაშვილი
სმირბა
ბოგომოლოვი
ზანკალიანი
ინაიშვილი
ბასილია
ალეხსანიანი
ბარქაია
მეგუთნიშვილი
ბასიშვილი
ერგემლიძე
შარაძე
ხახნელიძე
გაგულაშვილი
გვაძაბია
კემულარია
ქიძინიძე
მინდელი
ძოწენიძე
ნეიმატოვი
ხჩოიან
ბოცვაძე
მამრაძე
კუსიანი
შამილაძე
ინჯია
კოკოევი
ჭილაშვილი
მეჭიაური
მუსელიანი
ყანჩაველი
ალექსიძე
ზავრადაშვილი
ტურძელაძე
კაჭახიძე
ტრიპოლსკი
ქუთელია
ბათიაშვილი
შავთვალაძე
მათიკაშვილი
ვოლსკი
ხეჩინაშვილი
ნავაძე
სიორიძე
ნამგალაური
ფაჩუაშვილი
შატბერაშვილი
სტურუა
ფიდანიანი
ნანეტაშვილი
კალაძე
ხატიძე
ინგოროყვა
ჩიტლოვი
ბდოიანი
ბაბილაშვილი
არზიანი
გუმბარიძე
მურადხანოვი
ხუხუნაშვილი
ბაიანდურიანი
მახმუდოვი
ნარჩემაშვილი
არჩემაშვილი
გუჩუა
ფრანგიშვილი
ჩივიაშვილი
მახალდიანი
ცუცხვაშვილი
ვანაძე
ნასარაია
სესიაშვილი
მაკრახიძე
რაისიან
კოვზანაძე
პარუნაშვილი
თალაკვაძე
მელტონიან
წითლანაძე
უმბათოვი
რიგვავა
თუშმალიშვილი
ძაგნიძე
ცინცქილაძე
ბირბიჩაძე
მოლოდინი
მისაბიშვილი
ხაბარელი
დასენი
ქაშაკაშვილი
ქურდოვანიძე
მაყაშვილი
ნინიძე
კოლელიშვილი
აიდინოვი
ქუცნაშვილი
ნოდარიშვილი
ჯანბერიძე
მარტოლეკი
ყეინიშვილი
ადვაძე
მიშველაძე
ყურბანოვი
მალაშხია
პატიაშვილი
იშხნელი
მოვსესიან
ცოფურაშვილი
დოლმაზაშვილი
სამხარაული
შუღაროვი
შარტავა
ონოფრიშვილი
ჭანიშვილი
პაპუნიძე
ფენდერავა
ვახტანგაშვილი
ძოძუაშვილი
ხაბეიშვილი
გუცაევი
დარცმელიძე
ბალაშვილი
კუდბა
შარმანაშვილი
ციხისთავი
სანდუხაძე
თომაძე
აჩბა
დარჩიაშვილი
მამისთვალიშვილი
ბაშელეიშვილი
ოქუაშვილი
ამირეჯიბი
დანგაძე
თოფაძე
ბაშალეიშვილი
ბალარჯიშვილი
უჯმაჯურიძე
დოლიშვილი
ნიბლოშვილი
კვანჭილაშვილი
ჩარქსელიანი
გუნავა
კოჩობაშვილი
ბოლოთაშვილი
ურიათმყოფელი
დოხტურიშვილი
წოწონავა
დოგუზოვი
ბაიბურტი
რაიკი
ბალაძე
ჯგუბურია
კობაძე
ჯორჯიაშვილი
პატარქალიშვილი
ხაბაძე
ანიკაშვილი
რაისიანი
ქვაჩახია
გოგორიშვილი
აჯიაშვილი
ეზუგბაია
მუჩაიძე
პეტროსიან
მადურაშვილი
გვერდწითელი
მეძმარიაშვილი
დუჩიძე
მკოიანი
კოხია
იორამაშვილი
ღორჯომელაძე
სნხჩიანი
ოგბაიძე
კარდანახიშვილი
სამნიძე
შამანაური
ომანიძე
ყორანაშვილი
ცივაძე
პოხვალინსკი
აბაკელია
კუკულავა
გიორხელიძე
ოქროცვარიძე
წულუკიანი
ხერხეულიძე
კოღუაშვილი
სალარიძე
ავდალიანი
არსოშვილი
იონათამიშვილი
ხაზარაძე
მარჯანიშვილი
კენჭუაშვილი
შხვაცაბაია
